Workbook

Sheet PLANIFICACION_MENSUAL
A1: RUT | B1: Estado | C1: NOMBRE | D1: SERVICIO | E1: FECHA | F1: DIA | G1: SEMANA | H1: TURNO | I1: ESTADO_DIA | J1: H_INICIO | K1: H_TERMINO | L1: DURACION | M1: Horas diarias | N1: Minutos Colacion | O1: hora colacion | P1: Total Horas Trabajadas | Q1: HORAS TRABAJADAS | R1: DESCANSO 1 | S1: DESCANSO 2 | T1: SALIDA COLACION | U1: ENTRADA COLACION | V1: TIEMPO COLACION
A2: 11111111-1 | B2: Activo | C2: ANA PÉREZ (EJEMPLO) | D2: EXAMEN Y PROCEDIMIENTOS | E2: 46296 | F2: Jueves | G2: 46293 | H2: Tarde C/sábado | I2: TRABAJA | J2: 0.5 | K2: 0.83333333 | L2: =IF(COUNT(J2:K2)=2,K2-J2,0) | M2: =L2*24 | N2: 60 | O2: =N2/60 | P2: =M2-O2 | Q2: =SUMIFS($P:$P,$A:$A,A2,$G:$G,G2) | R2: 0.58333333 | S2: 0.76041667 | T2: 0.63541667 | U2: 0.67708333 | V2: =IF(COUNT(T2:U2)=2,ROUND((U2-T2)*1440,0),0)
A3: 11111111-1 | B3: Activo | C3: ANA PÉREZ (EJEMPLO) | D3: EXAMEN Y PROCEDIMIENTOS | E3: 46297 | F3: Viernes | G3: 46293 | H3: Tarde C/sábado | I3: TRABAJA | J3: 0.5 | K3: 0.83333333 | L3: =IF(COUNT(J3:K3)=2,K3-J3,0) | M3: =L3*24 | N3: 60 | O3: =N3/60 | P3: =M3-O3 | Q3: =SUMIFS($P:$P,$A:$A,A3,$G:$G,G3) | R3: 0.58333333 | S3: 0.76041667 | T3: 0.63541667 | U3: 0.67708333 | V3: =IF(COUNT(T3:U3)=2,ROUND((U3-T3)*1440,0),0)
A4: 11111111-1 | B4: Activo | C4: ANA PÉREZ (EJEMPLO) | D4: EXAMEN Y PROCEDIMIENTOS | E4: 46298 | F4: Sábado | G4: 46293 | H4: Tarde C/sábado | I4: TRABAJA | J4: 0.33333333 | K4: 0.58333333 | L4: =IF(COUNT(J4:K4)=2,K4-J4,0) | M4: =L4*24 | N4: 30 | O4: =N4/60 | P4: =M4-O4 | Q4: =SUMIFS($P:$P,$A:$A,A4,$G:$G,G4) | T4: 0.4375 | U4: 0.45833333 | V4: =IF(COUNT(T4:U4)=2,ROUND((U4-T4)*1440,0),0)
A5: 11111111-1 | B5: Activo | C5: ANA PÉREZ (EJEMPLO) | D5: EXAMEN Y PROCEDIMIENTOS | E5: 46300 | F5: Lunes | G5: 46300 | H5: Mañana S/sábado | I5: TRABAJA | J5: 0.33333333 | K5: 0.72916667 | L5: =IF(COUNT(J5:K5)=2,K5-J5,0) | M5: =L5*24 | N5: 60 | O5: =N5/60 | P5: =M5-O5 | Q5: =SUMIFS($P:$P,$A:$A,A5,$G:$G,G5) | R5: 0.44791667 | S5: 0.67708333 | T5: 0.55208333 | U5: 0.59375 | V5: =IF(COUNT(T5:U5)=2,ROUND((U5-T5)*1440,0),0)
A6: 11111111-1 | B6: Activo | C6: ANA PÉREZ (EJEMPLO) | D6: EXAMEN Y PROCEDIMIENTOS | E6: 46301 | F6: Martes | G6: 46300 | H6: Mañana S/sábado | I6: TRABAJA | J6: 0.33333333 | K6: 0.72916667 | L6: =IF(COUNT(J6:K6)=2,K6-J6,0) | M6: =L6*24 | N6: 60 | O6: =N6/60 | P6: =M6-O6 | Q6: =SUMIFS($P:$P,$A:$A,A6,$G:$G,G6) | R6: 0.44791667 | S6: 0.67708333 | T6: 0.55208333 | U6: 0.59375 | V6: =IF(COUNT(T6:U6)=2,ROUND((U6-T6)*1440,0),0)
A7: 11111111-1 | B7: Activo | C7: ANA PÉREZ (EJEMPLO) | D7: EXAMEN Y PROCEDIMIENTOS | E7: 46302 | F7: Miércoles | G7: 46300 | H7: Mañana S/sábado | I7: TRABAJA | J7: 0.33333333 | K7: 0.72916667 | L7: =IF(COUNT(J7:K7)=2,K7-J7,0) | M7: =L7*24 | N7: 60 | O7: =N7/60 | P7: =M7-O7 | Q7: =SUMIFS($P:$P,$A:$A,A7,$G:$G,G7) | R7: 0.42708333 | S7: 0.64583333 | T7: 0.47916667 | U7: 0.52083333 | V7: =IF(COUNT(T7:U7)=2,ROUND((U7-T7)*1440,0),0)
A8: 11111111-1 | B8: Activo | C8: ANA PÉREZ (EJEMPLO) | D8: EXAMEN Y PROCEDIMIENTOS | E8: 46303 | F8: Jueves | G8: 46300 | H8: Mañana S/sábado | I8: TRABAJA | J8: 0.33333333 | K8: 0.72916667 | L8: =IF(COUNT(J8:K8)=2,K8-J8,0) | M8: =L8*24 | N8: 60 | O8: =N8/60 | P8: =M8-O8 | Q8: =SUMIFS($P:$P,$A:$A,A8,$G:$G,G8) | R8: 0.42708333 | S8: 0.63541667 | T8: 0.47916667 | U8: 0.52083333 | V8: =IF(COUNT(T8:U8)=2,ROUND((U8-T8)*1440,0),0)
A9: 11111111-1 | B9: Activo | C9: ANA PÉREZ (EJEMPLO) | D9: EXAMEN Y PROCEDIMIENTOS | E9: 46304 | F9: Viernes | G9: 46300 | H9: Mañana S/sábado | I9: TRABAJA | J9: 0.33333333 | K9: 0.70833333 | L9: =IF(COUNT(J9:K9)=2,K9-J9,0) | M9: =L9*24 | N9: 60 | O9: =N9/60 | P9: =M9-O9 | Q9: =SUMIFS($P:$P,$A:$A,A9,$G:$G,G9) | R9: 0.44791667 | S9: 0.66666667 | T9: 0.54166667 | U9: 0.58333333 | V9: =IF(COUNT(T9:U9)=2,ROUND((U9-T9)*1440,0),0)
A10: 11111111-1 | B10: Activo | C10: ANA PÉREZ (EJEMPLO) | D10: EXAMEN Y PROCEDIMIENTOS | E10: 46305 | F10: Sábado | G10: 46300 | H10: Mañana S/sábado | I10: LIBRE | L10: =IF(COUNT(J10:K10)=2,K10-J10,0) | M10: =L10*24 | N10: 0 | O10: =N10/60 | P10: =M10-O10 | Q10: =SUMIFS($P:$P,$A:$A,A10,$G:$G,G10) | V10: =IF(COUNT(T10:U10)=2,ROUND((U10-T10)*1440,0),0)
A11: 11111111-1 | B11: Activo | C11: ANA PÉREZ (EJEMPLO) | D11: EXAMEN Y PROCEDIMIENTOS | E11: 46307 | F11: Lunes | G11: 46307 | H11: Mañana S/sábado | I11: FERIADO | L11: =IF(COUNT(J11:K11)=2,K11-J11,0) | M11: =L11*24 | N11: 0 | O11: =N11/60 | P11: =M11-O11 | Q11: =SUMIFS($P:$P,$A:$A,A11,$G:$G,G11) | V11: =IF(COUNT(T11:U11)=2,ROUND((U11-T11)*1440,0),0)
A12: 11111111-1 | B12: Activo | C12: ANA PÉREZ (EJEMPLO) | D12: EXAMEN Y PROCEDIMIENTOS | E12: 46308 | F12: Martes | G12: 46307 | H12: Mañana S/sábado | I12: TRABAJA | J12: 0.33333333 | K12: 0.72916667 | L12: =IF(COUNT(J12:K12)=2,K12-J12,0) | M12: =L12*24 | N12: 60 | O12: =N12/60 | P12: =M12-O12 | Q12: =SUMIFS($P:$P,$A:$A,A12,$G:$G,G12) | R12: 0.44791667 | S12: 0.67708333 | T12: 0.55208333 | U12: 0.59375 | V12: =IF(COUNT(T12:U12)=2,ROUND((U12-T12)*1440,0),0)
A13: 11111111-1 | B13: Activo | C13: ANA PÉREZ (EJEMPLO) | D13: EXAMEN Y PROCEDIMIENTOS | E13: 46309 | F13: Miércoles | G13: 46307 | H13: Mañana S/sábado | I13: TRABAJA | J13: 0.33333333 | K13: 0.72916667 | L13: =IF(COUNT(J13:K13)=2,K13-J13,0) | M13: =L13*24 | N13: 60 | O13: =N13/60 | P13: =M13-O13 | Q13: =SUMIFS($P:$P,$A:$A,A13,$G:$G,G13) | R13: 0.42708333 | S13: 0.64583333 | T13: 0.47916667 | U13: 0.52083333 | V13: =IF(COUNT(T13:U13)=2,ROUND((U13-T13)*1440,0),0)
A14: 11111111-1 | B14: Activo | C14: ANA PÉREZ (EJEMPLO) | D14: EXAMEN Y PROCEDIMIENTOS | E14: 46310 | F14: Jueves | G14: 46307 | H14: Mañana S/sábado | I14: TRABAJA | J14: 0.33333333 | K14: 0.72916667 | L14: =IF(COUNT(J14:K14)=2,K14-J14,0) | M14: =L14*24 | N14: 60 | O14: =N14/60 | P14: =M14-O14 | Q14: =SUMIFS($P:$P,$A:$A,A14,$G:$G,G14) | R14: 0.42708333 | S14: 0.63541667 | T14: 0.47916667 | U14: 0.52083333 | V14: =IF(COUNT(T14:U14)=2,ROUND((U14-T14)*1440,0),0)
A15: 11111111-1 | B15: Activo | C15: ANA PÉREZ (EJEMPLO) | D15: EXAMEN Y PROCEDIMIENTOS | E15: 46311 | F15: Viernes | G15: 46307 | H15: Mañana S/sábado | I15: TRABAJA | J15: 0.33333333 | K15: 0.70833333 | L15: =IF(COUNT(J15:K15)=2,K15-J15,0) | M15: =L15*24 | N15: 60 | O15: =N15/60 | P15: =M15-O15 | Q15: =SUMIFS($P:$P,$A:$A,A15,$G:$G,G15) | R15: 0.44791667 | S15: 0.66666667 | T15: 0.54166667 | U15: 0.58333333 | V15: =IF(COUNT(T15:U15)=2,ROUND((U15-T15)*1440,0),0)
A16: 11111111-1 | B16: Activo | C16: ANA PÉREZ (EJEMPLO) | D16: EXAMEN Y PROCEDIMIENTOS | E16: 46312 | F16: Sábado | G16: 46307 | H16: Mañana S/sábado | I16: LIBRE | L16: =IF(COUNT(J16:K16)=2,K16-J16,0) | M16: =L16*24 | N16: 0 | O16: =N16/60 | P16: =M16-O16 | Q16: =SUMIFS($P:$P,$A:$A,A16,$G:$G,G16) | V16: =IF(COUNT(T16:U16)=2,ROUND((U16-T16)*1440,0),0)
A17: 11111111-1 | B17: Activo | C17: ANA PÉREZ (EJEMPLO) | D17: EXAMEN Y PROCEDIMIENTOS | E17: 46314 | F17: Lunes | G17: 46314 | H17: Mañana C/sábado | I17: TRABAJA | J17: 0.33333333 | K17: 0.6875 | L17: =IF(COUNT(J17:K17)=2,K17-J17,0) | M17: =L17*24 | N17: 60 | O17: =N17/60 | P17: =M17-O17 | Q17: =SUMIFS($P:$P,$A:$A,A17,$G:$G,G17) | R17: 0.41666667 | S17: 0.64583333 | T17: 0.47916667 | U17: 0.52083333 | V17: =IF(COUNT(T17:U17)=2,ROUND((U17-T17)*1440,0),0)
A18: 11111111-1 | B18: Activo | C18: ANA PÉREZ (EJEMPLO) | D18: EXAMEN Y PROCEDIMIENTOS | E18: 46315 | F18: Martes | G18: 46314 | H18: Mañana C/sábado | I18: TRABAJA | J18: 0.33333333 | K18: 0.6875 | L18: =IF(COUNT(J18:K18)=2,K18-J18,0) | M18: =L18*24 | N18: 60 | O18: =N18/60 | P18: =M18-O18 | Q18: =SUMIFS($P:$P,$A:$A,A18,$G:$G,G18) | R18: 0.41666667 | S18: 0.64583333 | T18: 0.47916667 | U18: 0.52083333 | V18: =IF(COUNT(T18:U18)=2,ROUND((U18-T18)*1440,0),0)
A19: 11111111-1 | B19: Activo | C19: ANA PÉREZ (EJEMPLO) | D19: EXAMEN Y PROCEDIMIENTOS | E19: 46316 | F19: Miércoles | G19: 46314 | H19: Mañana C/sábado | I19: TRABAJA | J19: 0.33333333 | K19: 0.6875 | L19: =IF(COUNT(J19:K19)=2,K19-J19,0) | M19: =L19*24 | N19: 60 | O19: =N19/60 | P19: =M19-O19 | Q19: =SUMIFS($P:$P,$A:$A,A19,$G:$G,G19) | R19: 0.44791667 | S19: 0.65625 | T19: 0.53125 | U19: 0.57291667 | V19: =IF(COUNT(T19:U19)=2,ROUND((U19-T19)*1440,0),0)
A20: 11111111-1 | B20: Activo | C20: ANA PÉREZ (EJEMPLO) | D20: EXAMEN Y PROCEDIMIENTOS | E20: 46317 | F20: Jueves | G20: 46314 | H20: Mañana C/sábado | I20: TRABAJA | J20: 0.33333333 | K20: 0.66666667 | L20: =IF(COUNT(J20:K20)=2,K20-J20,0) | M20: =L20*24 | N20: 60 | O20: =N20/60 | P20: =M20-O20 | Q20: =SUMIFS($P:$P,$A:$A,A20,$G:$G,G20) | R20: 0.41666667 | S20: 0.60416667 | T20: 0.46875 | U20: 0.51041667 | V20: =IF(COUNT(T20:U20)=2,ROUND((U20-T20)*1440,0),0)
A21: 11111111-1 | B21: Activo | C21: ANA PÉREZ (EJEMPLO) | D21: EXAMEN Y PROCEDIMIENTOS | E21: 46318 | F21: Viernes | G21: 46314 | H21: Mañana C/sábado | I21: TRABAJA | J21: 0.33333333 | K21: 0.66666667 | L21: =IF(COUNT(J21:K21)=2,K21-J21,0) | M21: =L21*24 | N21: 60 | O21: =N21/60 | P21: =M21-O21 | Q21: =SUMIFS($P:$P,$A:$A,A21,$G:$G,G21) | R21: 0.41666667 | S21: 0.60416667 | T21: 0.46875 | U21: 0.51041667 | V21: =IF(COUNT(T21:U21)=2,ROUND((U21-T21)*1440,0),0)
A22: 11111111-1 | B22: Activo | C22: ANA PÉREZ (EJEMPLO) | D22: EXAMEN Y PROCEDIMIENTOS | E22: 46319 | F22: Sábado | G22: 46314 | H22: Mañana C/sábado | I22: TRABAJA | J22: 0.33333333 | K22: 0.58333333 | L22: =IF(COUNT(J22:K22)=2,K22-J22,0) | M22: =L22*24 | N22: 30 | O22: =N22/60 | P22: =M22-O22 | Q22: =SUMIFS($P:$P,$A:$A,A22,$G:$G,G22) | T22: 0.4375 | U22: 0.45833333 | V22: =IF(COUNT(T22:U22)=2,ROUND((U22-T22)*1440,0),0)
A23: 11111111-1 | B23: Activo | C23: ANA PÉREZ (EJEMPLO) | D23: EXAMEN Y PROCEDIMIENTOS | E23: 46321 | F23: Lunes | G23: 46321 | H23: Intermedio S/sábado | I23: TRABAJA | J23: 0.375 | K23: 0.79166667 | L23: =IF(COUNT(J23:K23)=2,K23-J23,0) | M23: =L23*24 | N23: 60 | O23: =N23/60 | P23: =M23-O23 | Q23: =SUMIFS($P:$P,$A:$A,A23,$G:$G,G23) | R23: 0.45833333 | S23: 0.71875 | T23: 0.5625 | U23: 0.60416667 | V23: =IF(COUNT(T23:U23)=2,ROUND((U23-T23)*1440,0),0)
A24: 11111111-1 | B24: Activo | C24: ANA PÉREZ (EJEMPLO) | D24: EXAMEN Y PROCEDIMIENTOS | E24: 46322 | F24: Martes | G24: 46321 | H24: Intermedio S/sábado | I24: TRABAJA | J24: 0.375 | K24: 0.79166667 | L24: =IF(COUNT(J24:K24)=2,K24-J24,0) | M24: =L24*24 | N24: 60 | O24: =N24/60 | P24: =M24-O24 | Q24: =SUMIFS($P:$P,$A:$A,A24,$G:$G,G24) | R24: 0.45833333 | S24: 0.71875 | T24: 0.5625 | U24: 0.60416667 | V24: =IF(COUNT(T24:U24)=2,ROUND((U24-T24)*1440,0),0)
A25: 11111111-1 | B25: Activo | C25: ANA PÉREZ (EJEMPLO) | D25: EXAMEN Y PROCEDIMIENTOS | E25: 46323 | F25: Miércoles | G25: 46321 | H25: Intermedio S/sábado | I25: TRABAJA | J25: 0.375 | K25: 0.75 | L25: =IF(COUNT(J25:K25)=2,K25-J25,0) | M25: =L25*24 | N25: 60 | O25: =N25/60 | P25: =M25-O25 | Q25: =SUMIFS($P:$P,$A:$A,A25,$G:$G,G25) | R25: 0.45833333 | S25: 0.71875 | T25: 0.59375 | U25: 0.63541667 | V25: =IF(COUNT(T25:U25)=2,ROUND((U25-T25)*1440,0),0)
A26: 11111111-1 | B26: Activo | C26: ANA PÉREZ (EJEMPLO) | D26: EXAMEN Y PROCEDIMIENTOS | E26: 46324 | F26: Jueves | G26: 46321 | H26: Intermedio S/sábado | I26: TRABAJA | J26: 0.375 | K26: 0.75 | L26: =IF(COUNT(J26:K26)=2,K26-J26,0) | M26: =L26*24 | N26: 60 | O26: =N26/60 | P26: =M26-O26 | Q26: =SUMIFS($P:$P,$A:$A,A26,$G:$G,G26) | R26: 0.45833333 | S26: 0.66666667 | T26: 0.54166667 | U26: 0.58333333 | V26: =IF(COUNT(T26:U26)=2,ROUND((U26-T26)*1440,0),0)
A27: 11111111-1 | B27: Activo | C27: ANA PÉREZ (EJEMPLO) | D27: EXAMEN Y PROCEDIMIENTOS | E27: 46325 | F27: Viernes | G27: 46321 | H27: Intermedio S/sábado | I27: TRABAJA | J27: 0.375 | K27: 0.75 | L27: =IF(COUNT(J27:K27)=2,K27-J27,0) | M27: =L27*24 | N27: 60 | O27: =N27/60 | P27: =M27-O27 | Q27: =SUMIFS($P:$P,$A:$A,A27,$G:$G,G27) | R27: 0.45833333 | S27: 0.71875 | T27: 0.59375 | U27: 0.63541667 | V27: =IF(COUNT(T27:U27)=2,ROUND((U27-T27)*1440,0),0)
A28: 11111111-1 | B28: Activo | C28: ANA PÉREZ (EJEMPLO) | D28: EXAMEN Y PROCEDIMIENTOS | E28: 46326 | F28: Sábado | G28: 46321 | H28: Intermedio S/sábado | I28: FERIADO | L28: =IF(COUNT(J28:K28)=2,K28-J28,0) | M28: =L28*24 | N28: 0 | O28: =N28/60 | P28: =M28-O28 | Q28: =SUMIFS($P:$P,$A:$A,A28,$G:$G,G28) | V28: =IF(COUNT(T28:U28)=2,ROUND((U28-T28)*1440,0),0)
A29: 12222222-5 | B29: Activo | C29: BRUNO SOTO (EJEMPLO) | D29: EXAMEN Y PROCEDIMIENTOS | E29: 46296 | F29: Jueves | G29: 46293 | H29: Tarde S/sábado | I29: TRABAJA | J29: 0.4375 | K29: 0.83333333 | L29: =IF(COUNT(J29:K29)=2,K29-J29,0) | M29: =L29*24 | N29: 60 | O29: =N29/60 | P29: =M29-O29 | Q29: =SUMIFS($P:$P,$A:$A,A29,$G:$G,G29) | R29: 0.53125 | S29: 0.77083333 | T29: 0.64583333 | U29: 0.6875 | V29: =IF(COUNT(T29:U29)=2,ROUND((U29-T29)*1440,0),0)
A30: 12222222-5 | B30: Activo | C30: BRUNO SOTO (EJEMPLO) | D30: EXAMEN Y PROCEDIMIENTOS | E30: 46297 | F30: Viernes | G30: 46293 | H30: Tarde S/sábado | I30: TRABAJA | J30: 0.45833333 | K30: 0.83333333 | L30: =IF(COUNT(J30:K30)=2,K30-J30,0) | M30: =L30*24 | N30: 60 | O30: =N30/60 | P30: =M30-O30 | Q30: =SUMIFS($P:$P,$A:$A,A30,$G:$G,G30) | R30: 0.54166667 | S30: 0.78125 | T30: 0.65625 | U30: 0.69791667 | V30: =IF(COUNT(T30:U30)=2,ROUND((U30-T30)*1440,0),0)
A31: 12222222-5 | B31: Activo | C31: BRUNO SOTO (EJEMPLO) | D31: EXAMEN Y PROCEDIMIENTOS | E31: 46298 | F31: Sábado | G31: 46293 | H31: Tarde S/sábado | I31: LIBRE | L31: =IF(COUNT(J31:K31)=2,K31-J31,0) | M31: =L31*24 | N31: 0 | O31: =N31/60 | P31: =M31-O31 | Q31: =SUMIFS($P:$P,$A:$A,A31,$G:$G,G31) | V31: =IF(COUNT(T31:U31)=2,ROUND((U31-T31)*1440,0),0)
A32: 12222222-5 | B32: Activo | C32: BRUNO SOTO (EJEMPLO) | D32: EXAMEN Y PROCEDIMIENTOS | E32: 46300 | F32: Lunes | G32: 46300 | H32: Mañana S/sábado | I32: TRABAJA | J32: 0.33333333 | K32: 0.72916667 | L32: =IF(COUNT(J32:K32)=2,K32-J32,0) | M32: =L32*24 | N32: 60 | O32: =N32/60 | P32: =M32-O32 | Q32: =SUMIFS($P:$P,$A:$A,A32,$G:$G,G32) | R32: 0.42708333 | S32: 0.66666667 | T32: 0.51041667 | U32: 0.55208333 | V32: =IF(COUNT(T32:U32)=2,ROUND((U32-T32)*1440,0),0)
A33: 12222222-5 | B33: Activo | C33: BRUNO SOTO (EJEMPLO) | D33: EXAMEN Y PROCEDIMIENTOS | E33: 46301 | F33: Martes | G33: 46300 | H33: Mañana S/sábado | I33: TRABAJA | J33: 0.33333333 | K33: 0.72916667 | L33: =IF(COUNT(J33:K33)=2,K33-J33,0) | M33: =L33*24 | N33: 60 | O33: =N33/60 | P33: =M33-O33 | Q33: =SUMIFS($P:$P,$A:$A,A33,$G:$G,G33) | R33: 0.42708333 | S33: 0.66666667 | T33: 0.51041667 | U33: 0.55208333 | V33: =IF(COUNT(T33:U33)=2,ROUND((U33-T33)*1440,0),0)
A34: 12222222-5 | B34: Activo | C34: BRUNO SOTO (EJEMPLO) | D34: EXAMEN Y PROCEDIMIENTOS | E34: 46302 | F34: Miércoles | G34: 46300 | H34: Mañana S/sábado | I34: TRABAJA | J34: 0.33333333 | K34: 0.72916667 | L34: =IF(COUNT(J34:K34)=2,K34-J34,0) | M34: =L34*24 | N34: 60 | O34: =N34/60 | P34: =M34-O34 | Q34: =SUMIFS($P:$P,$A:$A,A34,$G:$G,G34) | R34: 0.44791667 | S34: 0.6875 | T34: 0.55208333 | U34: 0.59375 | V34: =IF(COUNT(T34:U34)=2,ROUND((U34-T34)*1440,0),0)
A35: 12222222-5 | B35: Activo | C35: BRUNO SOTO (EJEMPLO) | D35: EXAMEN Y PROCEDIMIENTOS | E35: 46303 | F35: Jueves | G35: 46300 | H35: Mañana S/sábado | I35: TRABAJA | J35: 0.33333333 | K35: 0.72916667 | L35: =IF(COUNT(J35:K35)=2,K35-J35,0) | M35: =L35*24 | N35: 60 | O35: =N35/60 | P35: =M35-O35 | Q35: =SUMIFS($P:$P,$A:$A,A35,$G:$G,G35) | R35: 0.44791667 | S35: 0.69791667 | T35: 0.5625 | U35: 0.60416667 | V35: =IF(COUNT(T35:U35)=2,ROUND((U35-T35)*1440,0),0)
A36: 12222222-5 | B36: Activo | C36: BRUNO SOTO (EJEMPLO) | D36: EXAMEN Y PROCEDIMIENTOS | E36: 46304 | F36: Viernes | G36: 46300 | H36: Mañana S/sábado | I36: TRABAJA | J36: 0.33333333 | K36: 0.70833333 | L36: =IF(COUNT(J36:K36)=2,K36-J36,0) | M36: =L36*24 | N36: 60 | O36: =N36/60 | P36: =M36-O36 | Q36: =SUMIFS($P:$P,$A:$A,A36,$G:$G,G36) | R36: 0.42708333 | S36: 0.67708333 | T36: 0.55208333 | U36: 0.59375 | V36: =IF(COUNT(T36:U36)=2,ROUND((U36-T36)*1440,0),0)
A37: 12222222-5 | B37: Activo | C37: BRUNO SOTO (EJEMPLO) | D37: EXAMEN Y PROCEDIMIENTOS | E37: 46305 | F37: Sábado | G37: 46300 | H37: Mañana S/sábado | I37: LIBRE | L37: =IF(COUNT(J37:K37)=2,K37-J37,0) | M37: =L37*24 | N37: 0 | O37: =N37/60 | P37: =M37-O37 | Q37: =SUMIFS($P:$P,$A:$A,A37,$G:$G,G37) | V37: =IF(COUNT(T37:U37)=2,ROUND((U37-T37)*1440,0),0)
A38: 12222222-5 | B38: Activo | C38: BRUNO SOTO (EJEMPLO) | D38: EXAMEN Y PROCEDIMIENTOS | E38: 46307 | F38: Lunes | G38: 46307 | H38: Mañana C/sábado | I38: FERIADO | L38: =IF(COUNT(J38:K38)=2,K38-J38,0) | M38: =L38*24 | N38: 0 | O38: =N38/60 | P38: =M38-O38 | Q38: =SUMIFS($P:$P,$A:$A,A38,$G:$G,G38) | V38: =IF(COUNT(T38:U38)=2,ROUND((U38-T38)*1440,0),0)
A39: 12222222-5 | B39: Activo | C39: BRUNO SOTO (EJEMPLO) | D39: EXAMEN Y PROCEDIMIENTOS | E39: 46308 | F39: Martes | G39: 46307 | H39: Mañana C/sábado | I39: TRABAJA | J39: 0.33333333 | K39: 0.6875 | L39: =IF(COUNT(J39:K39)=2,K39-J39,0) | M39: =L39*24 | N39: 60 | O39: =N39/60 | P39: =M39-O39 | Q39: =SUMIFS($P:$P,$A:$A,A39,$G:$G,G39) | R39: 0.41666667 | S39: 0.59375 | T39: 0.46875 | U39: 0.51041667 | V39: =IF(COUNT(T39:U39)=2,ROUND((U39-T39)*1440,0),0)
A40: 12222222-5 | B40: Activo | C40: BRUNO SOTO (EJEMPLO) | D40: EXAMEN Y PROCEDIMIENTOS | E40: 46309 | F40: Miércoles | G40: 46307 | H40: Mañana C/sábado | I40: TRABAJA | J40: 0.33333333 | K40: 0.6875 | L40: =IF(COUNT(J40:K40)=2,K40-J40,0) | M40: =L40*24 | N40: 60 | O40: =N40/60 | P40: =M40-O40 | Q40: =SUMIFS($P:$P,$A:$A,A40,$G:$G,G40) | R40: 0.41666667 | S40: 0.625 | T40: 0.46875 | U40: 0.51041667 | V40: =IF(COUNT(T40:U40)=2,ROUND((U40-T40)*1440,0),0)
A41: 12222222-5 | B41: Activo | C41: BRUNO SOTO (EJEMPLO) | D41: EXAMEN Y PROCEDIMIENTOS | E41: 46310 | F41: Jueves | G41: 46307 | H41: Mañana C/sábado | I41: TRABAJA | J41: 0.33333333 | K41: 0.66666667 | L41: =IF(COUNT(J41:K41)=2,K41-J41,0) | M41: =L41*24 | N41: 60 | O41: =N41/60 | P41: =M41-O41 | Q41: =SUMIFS($P:$P,$A:$A,A41,$G:$G,G41) | R41: 0.41666667 | S41: 0.625 | T41: 0.46875 | U41: 0.51041667 | V41: =IF(COUNT(T41:U41)=2,ROUND((U41-T41)*1440,0),0)
A42: 12222222-5 | B42: Activo | C42: BRUNO SOTO (EJEMPLO) | D42: EXAMEN Y PROCEDIMIENTOS | E42: 46311 | F42: Viernes | G42: 46307 | H42: Mañana C/sábado | I42: TRABAJA | J42: 0.33333333 | K42: 0.66666667 | L42: =IF(COUNT(J42:K42)=2,K42-J42,0) | M42: =L42*24 | N42: 60 | O42: =N42/60 | P42: =M42-O42 | Q42: =SUMIFS($P:$P,$A:$A,A42,$G:$G,G42) | R42: 0.41666667 | S42: 0.61458333 | T42: 0.46875 | U42: 0.51041667 | V42: =IF(COUNT(T42:U42)=2,ROUND((U42-T42)*1440,0),0)
A43: 12222222-5 | B43: Activo | C43: BRUNO SOTO (EJEMPLO) | D43: EXAMEN Y PROCEDIMIENTOS | E43: 46312 | F43: Sábado | G43: 46307 | H43: Mañana C/sábado | I43: TRABAJA | J43: 0.33333333 | K43: 0.58333333 | L43: =IF(COUNT(J43:K43)=2,K43-J43,0) | M43: =L43*24 | N43: 30 | O43: =N43/60 | P43: =M43-O43 | Q43: =SUMIFS($P:$P,$A:$A,A43,$G:$G,G43) | T43: 0.4375 | U43: 0.45833333 | V43: =IF(COUNT(T43:U43)=2,ROUND((U43-T43)*1440,0),0)
A44: 12222222-5 | B44: Activo | C44: BRUNO SOTO (EJEMPLO) | D44: EXAMEN Y PROCEDIMIENTOS | E44: 46314 | F44: Lunes | G44: 46314 | H44: Intermedio S/sábado | I44: TRABAJA | J44: 0.375 | K44: 0.79166667 | L44: =IF(COUNT(J44:K44)=2,K44-J44,0) | M44: =L44*24 | N44: 60 | O44: =N44/60 | P44: =M44-O44 | Q44: =SUMIFS($P:$P,$A:$A,A44,$G:$G,G44) | R44: 0.45833333 | S44: 0.73958333 | T44: 0.57291667 | U44: 0.61458333 | V44: =IF(COUNT(T44:U44)=2,ROUND((U44-T44)*1440,0),0)
A45: 12222222-5 | B45: Activo | C45: BRUNO SOTO (EJEMPLO) | D45: EXAMEN Y PROCEDIMIENTOS | E45: 46315 | F45: Martes | G45: 46314 | H45: Intermedio S/sábado | I45: TRABAJA | J45: 0.375 | K45: 0.79166667 | L45: =IF(COUNT(J45:K45)=2,K45-J45,0) | M45: =L45*24 | N45: 60 | O45: =N45/60 | P45: =M45-O45 | Q45: =SUMIFS($P:$P,$A:$A,A45,$G:$G,G45) | R45: 0.45833333 | S45: 0.73958333 | T45: 0.57291667 | U45: 0.61458333 | V45: =IF(COUNT(T45:U45)=2,ROUND((U45-T45)*1440,0),0)
A46: 12222222-5 | B46: Activo | C46: BRUNO SOTO (EJEMPLO) | D46: EXAMEN Y PROCEDIMIENTOS | E46: 46316 | F46: Miércoles | G46: 46314 | H46: Intermedio S/sábado | I46: TRABAJA | J46: 0.375 | K46: 0.75 | L46: =IF(COUNT(J46:K46)=2,K46-J46,0) | M46: =L46*24 | N46: 60 | O46: =N46/60 | P46: =M46-O46 | Q46: =SUMIFS($P:$P,$A:$A,A46,$G:$G,G46) | R46: 0.45833333 | S46: 0.71875 | T46: 0.59375 | U46: 0.63541667 | V46: =IF(COUNT(T46:U46)=2,ROUND((U46-T46)*1440,0),0)
A47: 12222222-5 | B47: Activo | C47: BRUNO SOTO (EJEMPLO) | D47: EXAMEN Y PROCEDIMIENTOS | E47: 46317 | F47: Jueves | G47: 46314 | H47: Intermedio S/sábado | I47: TRABAJA | J47: 0.375 | K47: 0.75 | L47: =IF(COUNT(J47:K47)=2,K47-J47,0) | M47: =L47*24 | N47: 60 | O47: =N47/60 | P47: =M47-O47 | Q47: =SUMIFS($P:$P,$A:$A,A47,$G:$G,G47) | R47: 0.45833333 | S47: 0.6875 | T47: 0.55208333 | U47: 0.59375 | V47: =IF(COUNT(T47:U47)=2,ROUND((U47-T47)*1440,0),0)
A48: 12222222-5 | B48: Activo | C48: BRUNO SOTO (EJEMPLO) | D48: EXAMEN Y PROCEDIMIENTOS | E48: 46318 | F48: Viernes | G48: 46314 | H48: Intermedio S/sábado | I48: TRABAJA | J48: 0.375 | K48: 0.75 | L48: =IF(COUNT(J48:K48)=2,K48-J48,0) | M48: =L48*24 | N48: 60 | O48: =N48/60 | P48: =M48-O48 | Q48: =SUMIFS($P:$P,$A:$A,A48,$G:$G,G48) | R48: 0.45833333 | S48: 0.71875 | T48: 0.59375 | U48: 0.63541667 | V48: =IF(COUNT(T48:U48)=2,ROUND((U48-T48)*1440,0),0)
A49: 12222222-5 | B49: Activo | C49: BRUNO SOTO (EJEMPLO) | D49: EXAMEN Y PROCEDIMIENTOS | E49: 46319 | F49: Sábado | G49: 46314 | H49: Intermedio S/sábado | I49: LIBRE | L49: =IF(COUNT(J49:K49)=2,K49-J49,0) | M49: =L49*24 | N49: 0 | O49: =N49/60 | P49: =M49-O49 | Q49: =SUMIFS($P:$P,$A:$A,A49,$G:$G,G49) | V49: =IF(COUNT(T49:U49)=2,ROUND((U49-T49)*1440,0),0)
A50: 12222222-5 | B50: Activo | C50: BRUNO SOTO (EJEMPLO) | D50: EXAMEN Y PROCEDIMIENTOS | E50: 46321 | F50: Lunes | G50: 46321 | H50: Intermedio S/sábado | I50: TRABAJA | J50: 0.375 | K50: 0.79166667 | L50: =IF(COUNT(J50:K50)=2,K50-J50,0) | M50: =L50*24 | N50: 60 | O50: =N50/60 | P50: =M50-O50 | Q50: =SUMIFS($P:$P,$A:$A,A50,$G:$G,G50) | R50: 0.5 | S50: 0.76041667 | T50: 0.63541667 | U50: 0.67708333 | V50: =IF(COUNT(T50:U50)=2,ROUND((U50-T50)*1440,0),0)
A51: 12222222-5 | B51: Activo | C51: BRUNO SOTO (EJEMPLO) | D51: EXAMEN Y PROCEDIMIENTOS | E51: 46322 | F51: Martes | G51: 46321 | H51: Intermedio S/sábado | I51: TRABAJA | J51: 0.375 | K51: 0.79166667 | L51: =IF(COUNT(J51:K51)=2,K51-J51,0) | M51: =L51*24 | N51: 60 | O51: =N51/60 | P51: =M51-O51 | Q51: =SUMIFS($P:$P,$A:$A,A51,$G:$G,G51) | R51: 0.5 | S51: 0.76041667 | T51: 0.63541667 | U51: 0.67708333 | V51: =IF(COUNT(T51:U51)=2,ROUND((U51-T51)*1440,0),0)
A52: 12222222-5 | B52: Activo | C52: BRUNO SOTO (EJEMPLO) | D52: EXAMEN Y PROCEDIMIENTOS | E52: 46323 | F52: Miércoles | G52: 46321 | H52: Intermedio S/sábado | I52: TRABAJA | J52: 0.375 | K52: 0.75 | L52: =IF(COUNT(J52:K52)=2,K52-J52,0) | M52: =L52*24 | N52: 60 | O52: =N52/60 | P52: =M52-O52 | Q52: =SUMIFS($P:$P,$A:$A,A52,$G:$G,G52) | R52: 0.45833333 | S52: 0.70833333 | T52: 0.55208333 | U52: 0.59375 | V52: =IF(COUNT(T52:U52)=2,ROUND((U52-T52)*1440,0),0)
A53: 12222222-5 | B53: Activo | C53: BRUNO SOTO (EJEMPLO) | D53: EXAMEN Y PROCEDIMIENTOS | E53: 46324 | F53: Jueves | G53: 46321 | H53: Intermedio S/sábado | I53: TRABAJA | J53: 0.375 | K53: 0.75 | L53: =IF(COUNT(J53:K53)=2,K53-J53,0) | M53: =L53*24 | N53: 60 | O53: =N53/60 | P53: =M53-O53 | Q53: =SUMIFS($P:$P,$A:$A,A53,$G:$G,G53) | R53: 0.45833333 | S53: 0.71875 | T53: 0.59375 | U53: 0.63541667 | V53: =IF(COUNT(T53:U53)=2,ROUND((U53-T53)*1440,0),0)
A54: 12222222-5 | B54: Activo | C54: BRUNO SOTO (EJEMPLO) | D54: EXAMEN Y PROCEDIMIENTOS | E54: 46325 | F54: Viernes | G54: 46321 | H54: Intermedio S/sábado | I54: TRABAJA | J54: 0.375 | K54: 0.75 | L54: =IF(COUNT(J54:K54)=2,K54-J54,0) | M54: =L54*24 | N54: 60 | O54: =N54/60 | P54: =M54-O54 | Q54: =SUMIFS($P:$P,$A:$A,A54,$G:$G,G54) | R54: 0.45833333 | S54: 0.65625 | T54: 0.52083333 | U54: 0.5625 | V54: =IF(COUNT(T54:U54)=2,ROUND((U54-T54)*1440,0),0)
A55: 12222222-5 | B55: Activo | C55: BRUNO SOTO (EJEMPLO) | D55: EXAMEN Y PROCEDIMIENTOS | E55: 46326 | F55: Sábado | G55: 46321 | H55: Intermedio S/sábado | I55: FERIADO | L55: =IF(COUNT(J55:K55)=2,K55-J55,0) | M55: =L55*24 | N55: 0 | O55: =N55/60 | P55: =M55-O55 | Q55: =SUMIFS($P:$P,$A:$A,A55,$G:$G,G55) | V55: =IF(COUNT(T55:U55)=2,ROUND((U55-T55)*1440,0),0)
A56: 13333333-9 | B56: Activo | C56: CARLA DÍAZ (EJEMPLO) | D56: EXAMEN Y PROCEDIMIENTOS | E56: 46296 | F56: Jueves | G56: 46293 | H56: Tarde S/sábado | I56: TRABAJA | J56: 0.4375 | K56: 0.83333333 | L56: =IF(COUNT(J56:K56)=2,K56-J56,0) | M56: =L56*24 | N56: 60 | O56: =N56/60 | P56: =M56-O56 | Q56: =SUMIFS($P:$P,$A:$A,A56,$G:$G,G56) | R56: 0.54166667 | S56: 0.80208333 | T56: 0.67708333 | U56: 0.71875 | V56: =IF(COUNT(T56:U56)=2,ROUND((U56-T56)*1440,0),0)
A57: 13333333-9 | B57: Activo | C57: CARLA DÍAZ (EJEMPLO) | D57: EXAMEN Y PROCEDIMIENTOS | E57: 46297 | F57: Viernes | G57: 46293 | H57: Tarde S/sábado | I57: TRABAJA | J57: 0.45833333 | K57: 0.83333333 | L57: =IF(COUNT(J57:K57)=2,K57-J57,0) | M57: =L57*24 | N57: 60 | O57: =N57/60 | P57: =M57-O57 | Q57: =SUMIFS($P:$P,$A:$A,A57,$G:$G,G57) | R57: 0.57291667 | S57: 0.80208333 | T57: 0.67708333 | U57: 0.71875 | V57: =IF(COUNT(T57:U57)=2,ROUND((U57-T57)*1440,0),0)
A58: 13333333-9 | B58: Activo | C58: CARLA DÍAZ (EJEMPLO) | D58: EXAMEN Y PROCEDIMIENTOS | E58: 46298 | F58: Sábado | G58: 46293 | H58: Tarde S/sábado | I58: LIBRE | L58: =IF(COUNT(J58:K58)=2,K58-J58,0) | M58: =L58*24 | N58: 0 | O58: =N58/60 | P58: =M58-O58 | Q58: =SUMIFS($P:$P,$A:$A,A58,$G:$G,G58) | V58: =IF(COUNT(T58:U58)=2,ROUND((U58-T58)*1440,0),0)
A59: 13333333-9 | B59: Activo | C59: CARLA DÍAZ (EJEMPLO) | D59: EXAMEN Y PROCEDIMIENTOS | E59: 46300 | F59: Lunes | G59: 46300 | H59: Mañana C/sábado | I59: TRABAJA | J59: 0.33333333 | K59: 0.6875 | L59: =IF(COUNT(J59:K59)=2,K59-J59,0) | M59: =L59*24 | N59: 60 | O59: =N59/60 | P59: =M59-O59 | Q59: =SUMIFS($P:$P,$A:$A,A59,$G:$G,G59) | R59: 0.41666667 | S59: 0.59375 | T59: 0.46875 | U59: 0.51041667 | V59: =IF(COUNT(T59:U59)=2,ROUND((U59-T59)*1440,0),0)
A60: 13333333-9 | B60: Activo | C60: CARLA DÍAZ (EJEMPLO) | D60: EXAMEN Y PROCEDIMIENTOS | E60: 46301 | F60: Martes | G60: 46300 | H60: Mañana C/sábado | I60: TRABAJA | J60: 0.33333333 | K60: 0.6875 | L60: =IF(COUNT(J60:K60)=2,K60-J60,0) | M60: =L60*24 | N60: 60 | O60: =N60/60 | P60: =M60-O60 | Q60: =SUMIFS($P:$P,$A:$A,A60,$G:$G,G60) | R60: 0.41666667 | S60: 0.59375 | T60: 0.46875 | U60: 0.51041667 | V60: =IF(COUNT(T60:U60)=2,ROUND((U60-T60)*1440,0),0)
A61: 13333333-9 | B61: Activo | C61: CARLA DÍAZ (EJEMPLO) | D61: EXAMEN Y PROCEDIMIENTOS | E61: 46302 | F61: Miércoles | G61: 46300 | H61: Mañana C/sábado | I61: TRABAJA | J61: 0.33333333 | K61: 0.6875 | L61: =IF(COUNT(J61:K61)=2,K61-J61,0) | M61: =L61*24 | N61: 60 | O61: =N61/60 | P61: =M61-O61 | Q61: =SUMIFS($P:$P,$A:$A,A61,$G:$G,G61) | R61: 0.41666667 | S61: 0.625 | T61: 0.46875 | U61: 0.51041667 | V61: =IF(COUNT(T61:U61)=2,ROUND((U61-T61)*1440,0),0)
A62: 13333333-9 | B62: Activo | C62: CARLA DÍAZ (EJEMPLO) | D62: EXAMEN Y PROCEDIMIENTOS | E62: 46303 | F62: Jueves | G62: 46300 | H62: Mañana C/sábado | I62: TRABAJA | J62: 0.33333333 | K62: 0.66666667 | L62: =IF(COUNT(J62:K62)=2,K62-J62,0) | M62: =L62*24 | N62: 60 | O62: =N62/60 | P62: =M62-O62 | Q62: =SUMIFS($P:$P,$A:$A,A62,$G:$G,G62) | R62: 0.41666667 | S62: 0.625 | T62: 0.46875 | U62: 0.51041667 | V62: =IF(COUNT(T62:U62)=2,ROUND((U62-T62)*1440,0),0)
A63: 13333333-9 | B63: Activo | C63: CARLA DÍAZ (EJEMPLO) | D63: EXAMEN Y PROCEDIMIENTOS | E63: 46304 | F63: Viernes | G63: 46300 | H63: Mañana C/sábado | I63: TRABAJA | J63: 0.33333333 | K63: 0.66666667 | L63: =IF(COUNT(J63:K63)=2,K63-J63,0) | M63: =L63*24 | N63: 60 | O63: =N63/60 | P63: =M63-O63 | Q63: =SUMIFS($P:$P,$A:$A,A63,$G:$G,G63) | R63: 0.41666667 | S63: 0.61458333 | T63: 0.46875 | U63: 0.51041667 | V63: =IF(COUNT(T63:U63)=2,ROUND((U63-T63)*1440,0),0)
A64: 13333333-9 | B64: Activo | C64: CARLA DÍAZ (EJEMPLO) | D64: EXAMEN Y PROCEDIMIENTOS | E64: 46305 | F64: Sábado | G64: 46300 | H64: Mañana C/sábado | I64: TRABAJA | J64: 0.33333333 | K64: 0.58333333 | L64: =IF(COUNT(J64:K64)=2,K64-J64,0) | M64: =L64*24 | N64: 30 | O64: =N64/60 | P64: =M64-O64 | Q64: =SUMIFS($P:$P,$A:$A,A64,$G:$G,G64) | T64: 0.4375 | U64: 0.45833333 | V64: =IF(COUNT(T64:U64)=2,ROUND((U64-T64)*1440,0),0)
A65: 13333333-9 | B65: Activo | C65: CARLA DÍAZ (EJEMPLO) | D65: EXAMEN Y PROCEDIMIENTOS | E65: 46307 | F65: Lunes | G65: 46307 | H65: Intermedio S/sábado | I65: FERIADO | L65: =IF(COUNT(J65:K65)=2,K65-J65,0) | M65: =L65*24 | N65: 0 | O65: =N65/60 | P65: =M65-O65 | Q65: =SUMIFS($P:$P,$A:$A,A65,$G:$G,G65) | V65: =IF(COUNT(T65:U65)=2,ROUND((U65-T65)*1440,0),0)
A66: 13333333-9 | B66: Activo | C66: CARLA DÍAZ (EJEMPLO) | D66: EXAMEN Y PROCEDIMIENTOS | E66: 46308 | F66: Martes | G66: 46307 | H66: Intermedio S/sábado | I66: TRABAJA | J66: 0.375 | K66: 0.79166667 | L66: =IF(COUNT(J66:K66)=2,K66-J66,0) | M66: =L66*24 | N66: 60 | O66: =N66/60 | P66: =M66-O66 | Q66: =SUMIFS($P:$P,$A:$A,A66,$G:$G,G66) | R66: 0.45833333 | S66: 0.70833333 | T66: 0.55208333 | U66: 0.59375 | V66: =IF(COUNT(T66:U66)=2,ROUND((U66-T66)*1440,0),0)
A67: 13333333-9 | B67: Activo | C67: CARLA DÍAZ (EJEMPLO) | D67: EXAMEN Y PROCEDIMIENTOS | E67: 46309 | F67: Miércoles | G67: 46307 | H67: Intermedio S/sábado | I67: TRABAJA | J67: 0.375 | K67: 0.75 | L67: =IF(COUNT(J67:K67)=2,K67-J67,0) | M67: =L67*24 | N67: 60 | O67: =N67/60 | P67: =M67-O67 | Q67: =SUMIFS($P:$P,$A:$A,A67,$G:$G,G67) | R67: 0.45833333 | S67: 0.71875 | T67: 0.59375 | U67: 0.63541667 | V67: =IF(COUNT(T67:U67)=2,ROUND((U67-T67)*1440,0),0)
A68: 13333333-9 | B68: Activo | C68: CARLA DÍAZ (EJEMPLO) | D68: EXAMEN Y PROCEDIMIENTOS | E68: 46310 | F68: Jueves | G68: 46307 | H68: Intermedio S/sábado | I68: TRABAJA | J68: 0.375 | K68: 0.75 | L68: =IF(COUNT(J68:K68)=2,K68-J68,0) | M68: =L68*24 | N68: 60 | O68: =N68/60 | P68: =M68-O68 | Q68: =SUMIFS($P:$P,$A:$A,A68,$G:$G,G68) | R68: 0.45833333 | S68: 0.66666667 | T68: 0.54166667 | U68: 0.58333333 | V68: =IF(COUNT(T68:U68)=2,ROUND((U68-T68)*1440,0),0)
A69: 13333333-9 | B69: Activo | C69: CARLA DÍAZ (EJEMPLO) | D69: EXAMEN Y PROCEDIMIENTOS | E69: 46311 | F69: Viernes | G69: 46307 | H69: Intermedio S/sábado | I69: TRABAJA | J69: 0.375 | K69: 0.75 | L69: =IF(COUNT(J69:K69)=2,K69-J69,0) | M69: =L69*24 | N69: 60 | O69: =N69/60 | P69: =M69-O69 | Q69: =SUMIFS($P:$P,$A:$A,A69,$G:$G,G69) | R69: 0.45833333 | S69: 0.71875 | T69: 0.59375 | U69: 0.63541667 | V69: =IF(COUNT(T69:U69)=2,ROUND((U69-T69)*1440,0),0)
A70: 13333333-9 | B70: Activo | C70: CARLA DÍAZ (EJEMPLO) | D70: EXAMEN Y PROCEDIMIENTOS | E70: 46312 | F70: Sábado | G70: 46307 | H70: Intermedio S/sábado | I70: LIBRE | L70: =IF(COUNT(J70:K70)=2,K70-J70,0) | M70: =L70*24 | N70: 0 | O70: =N70/60 | P70: =M70-O70 | Q70: =SUMIFS($P:$P,$A:$A,A70,$G:$G,G70) | V70: =IF(COUNT(T70:U70)=2,ROUND((U70-T70)*1440,0),0)
A71: 13333333-9 | B71: Activo | C71: CARLA DÍAZ (EJEMPLO) | D71: EXAMEN Y PROCEDIMIENTOS | E71: 46314 | F71: Lunes | G71: 46314 | H71: Intermedio S/sábado | I71: TRABAJA | J71: 0.375 | K71: 0.79166667 | L71: =IF(COUNT(J71:K71)=2,K71-J71,0) | M71: =L71*24 | N71: 60 | O71: =N71/60 | P71: =M71-O71 | Q71: =SUMIFS($P:$P,$A:$A,A71,$G:$G,G71) | R71: 0.47916667 | S71: 0.75 | T71: 0.61458333 | U71: 0.65625 | V71: =IF(COUNT(T71:U71)=2,ROUND((U71-T71)*1440,0),0)
A72: 13333333-9 | B72: Activo | C72: CARLA DÍAZ (EJEMPLO) | D72: EXAMEN Y PROCEDIMIENTOS | E72: 46315 | F72: Martes | G72: 46314 | H72: Intermedio S/sábado | I72: TRABAJA | J72: 0.375 | K72: 0.79166667 | L72: =IF(COUNT(J72:K72)=2,K72-J72,0) | M72: =L72*24 | N72: 60 | O72: =N72/60 | P72: =M72-O72 | Q72: =SUMIFS($P:$P,$A:$A,A72,$G:$G,G72) | R72: 0.47916667 | S72: 0.75 | T72: 0.61458333 | U72: 0.65625 | V72: =IF(COUNT(T72:U72)=2,ROUND((U72-T72)*1440,0),0)
A73: 13333333-9 | B73: Activo | C73: CARLA DÍAZ (EJEMPLO) | D73: EXAMEN Y PROCEDIMIENTOS | E73: 46316 | F73: Miércoles | G73: 46314 | H73: Intermedio S/sábado | I73: TRABAJA | J73: 0.375 | K73: 0.75 | L73: =IF(COUNT(J73:K73)=2,K73-J73,0) | M73: =L73*24 | N73: 60 | O73: =N73/60 | P73: =M73-O73 | Q73: =SUMIFS($P:$P,$A:$A,A73,$G:$G,G73) | R73: 0.45833333 | S73: 0.70833333 | T73: 0.55208333 | U73: 0.59375 | V73: =IF(COUNT(T73:U73)=2,ROUND((U73-T73)*1440,0),0)
A74: 13333333-9 | B74: Activo | C74: CARLA DÍAZ (EJEMPLO) | D74: EXAMEN Y PROCEDIMIENTOS | E74: 46317 | F74: Jueves | G74: 46314 | H74: Intermedio S/sábado | I74: TRABAJA | J74: 0.375 | K74: 0.75 | L74: =IF(COUNT(J74:K74)=2,K74-J74,0) | M74: =L74*24 | N74: 60 | O74: =N74/60 | P74: =M74-O74 | Q74: =SUMIFS($P:$P,$A:$A,A74,$G:$G,G74) | R74: 0.45833333 | S74: 0.71875 | T74: 0.59375 | U74: 0.63541667 | V74: =IF(COUNT(T74:U74)=2,ROUND((U74-T74)*1440,0),0)
A75: 13333333-9 | B75: Activo | C75: CARLA DÍAZ (EJEMPLO) | D75: EXAMEN Y PROCEDIMIENTOS | E75: 46318 | F75: Viernes | G75: 46314 | H75: Intermedio S/sábado | I75: TRABAJA | J75: 0.375 | K75: 0.75 | L75: =IF(COUNT(J75:K75)=2,K75-J75,0) | M75: =L75*24 | N75: 60 | O75: =N75/60 | P75: =M75-O75 | Q75: =SUMIFS($P:$P,$A:$A,A75,$G:$G,G75) | R75: 0.45833333 | S75: 0.65625 | T75: 0.53125 | U75: 0.57291667 | V75: =IF(COUNT(T75:U75)=2,ROUND((U75-T75)*1440,0),0)
A76: 13333333-9 | B76: Activo | C76: CARLA DÍAZ (EJEMPLO) | D76: EXAMEN Y PROCEDIMIENTOS | E76: 46319 | F76: Sábado | G76: 46314 | H76: Intermedio S/sábado | I76: LIBRE | L76: =IF(COUNT(J76:K76)=2,K76-J76,0) | M76: =L76*24 | N76: 0 | O76: =N76/60 | P76: =M76-O76 | Q76: =SUMIFS($P:$P,$A:$A,A76,$G:$G,G76) | V76: =IF(COUNT(T76:U76)=2,ROUND((U76-T76)*1440,0),0)
A77: 13333333-9 | B77: Activo | C77: CARLA DÍAZ (EJEMPLO) | D77: EXAMEN Y PROCEDIMIENTOS | E77: 46321 | F77: Lunes | G77: 46321 | H77: Mañana C/sábado | I77: TRABAJA | J77: 0.33333333 | K77: 0.6875 | L77: =IF(COUNT(J77:K77)=2,K77-J77,0) | M77: =L77*24 | N77: 60 | O77: =N77/60 | P77: =M77-O77 | Q77: =SUMIFS($P:$P,$A:$A,A77,$G:$G,G77) | R77: 0.41666667 | S77: 0.59375 | T77: 0.46875 | U77: 0.51041667 | V77: =IF(COUNT(T77:U77)=2,ROUND((U77-T77)*1440,0),0)
A78: 13333333-9 | B78: Activo | C78: CARLA DÍAZ (EJEMPLO) | D78: EXAMEN Y PROCEDIMIENTOS | E78: 46322 | F78: Martes | G78: 46321 | H78: Mañana C/sábado | I78: TRABAJA | J78: 0.33333333 | K78: 0.6875 | L78: =IF(COUNT(J78:K78)=2,K78-J78,0) | M78: =L78*24 | N78: 60 | O78: =N78/60 | P78: =M78-O78 | Q78: =SUMIFS($P:$P,$A:$A,A78,$G:$G,G78) | R78: 0.41666667 | S78: 0.59375 | T78: 0.46875 | U78: 0.51041667 | V78: =IF(COUNT(T78:U78)=2,ROUND((U78-T78)*1440,0),0)
A79: 13333333-9 | B79: Activo | C79: CARLA DÍAZ (EJEMPLO) | D79: EXAMEN Y PROCEDIMIENTOS | E79: 46323 | F79: Miércoles | G79: 46321 | H79: Mañana C/sábado | I79: TRABAJA | J79: 0.33333333 | K79: 0.6875 | L79: =IF(COUNT(J79:K79)=2,K79-J79,0) | M79: =L79*24 | N79: 60 | O79: =N79/60 | P79: =M79-O79 | Q79: =SUMIFS($P:$P,$A:$A,A79,$G:$G,G79) | R79: 0.41666667 | S79: 0.63541667 | T79: 0.46875 | U79: 0.51041667 | V79: =IF(COUNT(T79:U79)=2,ROUND((U79-T79)*1440,0),0)
A80: 13333333-9 | B80: Activo | C80: CARLA DÍAZ (EJEMPLO) | D80: EXAMEN Y PROCEDIMIENTOS | E80: 46324 | F80: Jueves | G80: 46321 | H80: Mañana C/sábado | I80: TRABAJA | J80: 0.33333333 | K80: 0.66666667 | L80: =IF(COUNT(J80:K80)=2,K80-J80,0) | M80: =L80*24 | N80: 60 | O80: =N80/60 | P80: =M80-O80 | Q80: =SUMIFS($P:$P,$A:$A,A80,$G:$G,G80) | R80: 0.41666667 | S80: 0.625 | T80: 0.46875 | U80: 0.51041667 | V80: =IF(COUNT(T80:U80)=2,ROUND((U80-T80)*1440,0),0)
A81: 13333333-9 | B81: Activo | C81: CARLA DÍAZ (EJEMPLO) | D81: EXAMEN Y PROCEDIMIENTOS | E81: 46325 | F81: Viernes | G81: 46321 | H81: Mañana C/sábado | I81: TRABAJA | J81: 0.33333333 | K81: 0.66666667 | L81: =IF(COUNT(J81:K81)=2,K81-J81,0) | M81: =L81*24 | N81: 60 | O81: =N81/60 | P81: =M81-O81 | Q81: =SUMIFS($P:$P,$A:$A,A81,$G:$G,G81) | R81: 0.41666667 | S81: 0.63541667 | T81: 0.46875 | U81: 0.51041667 | V81: =IF(COUNT(T81:U81)=2,ROUND((U81-T81)*1440,0),0)
A82: 13333333-9 | B82: Activo | C82: CARLA DÍAZ (EJEMPLO) | D82: EXAMEN Y PROCEDIMIENTOS | E82: 46326 | F82: Sábado | G82: 46321 | H82: Mañana C/sábado | I82: FERIADO | L82: =IF(COUNT(J82:K82)=2,K82-J82,0) | M82: =L82*24 | N82: 0 | O82: =N82/60 | P82: =M82-O82 | Q82: =SUMIFS($P:$P,$A:$A,A82,$G:$G,G82) | V82: =IF(COUNT(T82:U82)=2,ROUND((U82-T82)*1440,0),0)
A83: 14444444-2 | B83: Activo | C83: DIEGO ROJAS (EJEMPLO) | D83: EXAMEN Y PROCEDIMIENTOS | E83: 46296 | F83: Jueves | G83: 46293 | H83: Mañana C/sábado | I83: TRABAJA | J83: 0.33333333 | K83: 0.66666667 | L83: =IF(COUNT(J83:K83)=2,K83-J83,0) | M83: =L83*24 | N83: 60 | O83: =N83/60 | P83: =M83-O83 | Q83: =SUMIFS($P:$P,$A:$A,A83,$G:$G,G83) | R83: 0.41666667 | S83: 0.60416667 | T83: 0.46875 | U83: 0.51041667 | V83: =IF(COUNT(T83:U83)=2,ROUND((U83-T83)*1440,0),0)
A84: 14444444-2 | B84: Activo | C84: DIEGO ROJAS (EJEMPLO) | D84: EXAMEN Y PROCEDIMIENTOS | E84: 46297 | F84: Viernes | G84: 46293 | H84: Mañana C/sábado | I84: TRABAJA | J84: 0.33333333 | K84: 0.66666667 | L84: =IF(COUNT(J84:K84)=2,K84-J84,0) | M84: =L84*24 | N84: 60 | O84: =N84/60 | P84: =M84-O84 | Q84: =SUMIFS($P:$P,$A:$A,A84,$G:$G,G84) | R84: 0.41666667 | S84: 0.60416667 | T84: 0.46875 | U84: 0.51041667 | V84: =IF(COUNT(T84:U84)=2,ROUND((U84-T84)*1440,0),0)
A85: 14444444-2 | B85: Activo | C85: DIEGO ROJAS (EJEMPLO) | D85: EXAMEN Y PROCEDIMIENTOS | E85: 46298 | F85: Sábado | G85: 46293 | H85: Mañana C/sábado | I85: TRABAJA | J85: 0.33333333 | K85: 0.58333333 | L85: =IF(COUNT(J85:K85)=2,K85-J85,0) | M85: =L85*24 | N85: 30 | O85: =N85/60 | P85: =M85-O85 | Q85: =SUMIFS($P:$P,$A:$A,A85,$G:$G,G85) | T85: 0.45833333 | U85: 0.47916667 | V85: =IF(COUNT(T85:U85)=2,ROUND((U85-T85)*1440,0),0)
A86: 14444444-2 | B86: Activo | C86: DIEGO ROJAS (EJEMPLO) | D86: EXAMEN Y PROCEDIMIENTOS | E86: 46300 | F86: Lunes | G86: 46300 | H86: Tarde S/sábado | I86: TRABAJA | J86: 0.4375 | K86: 0.83333333 | L86: =IF(COUNT(J86:K86)=2,K86-J86,0) | M86: =L86*24 | N86: 60 | O86: =N86/60 | P86: =M86-O86 | Q86: =SUMIFS($P:$P,$A:$A,A86,$G:$G,G86) | R86: 0.54166667 | S86: 0.80208333 | T86: 0.67708333 | U86: 0.71875 | V86: =IF(COUNT(T86:U86)=2,ROUND((U86-T86)*1440,0),0)
A87: 14444444-2 | B87: Activo | C87: DIEGO ROJAS (EJEMPLO) | D87: EXAMEN Y PROCEDIMIENTOS | E87: 46301 | F87: Martes | G87: 46300 | H87: Tarde S/sábado | I87: TRABAJA | J87: 0.4375 | K87: 0.83333333 | L87: =IF(COUNT(J87:K87)=2,K87-J87,0) | M87: =L87*24 | N87: 60 | O87: =N87/60 | P87: =M87-O87 | Q87: =SUMIFS($P:$P,$A:$A,A87,$G:$G,G87) | R87: 0.54166667 | S87: 0.80208333 | T87: 0.67708333 | U87: 0.71875 | V87: =IF(COUNT(T87:U87)=2,ROUND((U87-T87)*1440,0),0)
A88: 14444444-2 | B88: Activo | C88: DIEGO ROJAS (EJEMPLO) | D88: EXAMEN Y PROCEDIMIENTOS | E88: 46302 | F88: Miércoles | G88: 46300 | H88: Tarde S/sábado | I88: TRABAJA | J88: 0.4375 | K88: 0.83333333 | L88: =IF(COUNT(J88:K88)=2,K88-J88,0) | M88: =L88*24 | N88: 60 | O88: =N88/60 | P88: =M88-O88 | Q88: =SUMIFS($P:$P,$A:$A,A88,$G:$G,G88) | R88: 0.52083333 | S88: 0.76041667 | T88: 0.63541667 | U88: 0.67708333 | V88: =IF(COUNT(T88:U88)=2,ROUND((U88-T88)*1440,0),0)
A89: 14444444-2 | B89: Activo | C89: DIEGO ROJAS (EJEMPLO) | D89: EXAMEN Y PROCEDIMIENTOS | E89: 46303 | F89: Jueves | G89: 46300 | H89: Tarde S/sábado | I89: TRABAJA | J89: 0.4375 | K89: 0.83333333 | L89: =IF(COUNT(J89:K89)=2,K89-J89,0) | M89: =L89*24 | N89: 60 | O89: =N89/60 | P89: =M89-O89 | Q89: =SUMIFS($P:$P,$A:$A,A89,$G:$G,G89) | R89: 0.53125 | S89: 0.78125 | T89: 0.65625 | U89: 0.69791667 | V89: =IF(COUNT(T89:U89)=2,ROUND((U89-T89)*1440,0),0)
A90: 14444444-2 | B90: Activo | C90: DIEGO ROJAS (EJEMPLO) | D90: EXAMEN Y PROCEDIMIENTOS | E90: 46304 | F90: Viernes | G90: 46300 | H90: Tarde S/sábado | I90: TRABAJA | J90: 0.45833333 | K90: 0.83333333 | L90: =IF(COUNT(J90:K90)=2,K90-J90,0) | M90: =L90*24 | N90: 60 | O90: =N90/60 | P90: =M90-O90 | Q90: =SUMIFS($P:$P,$A:$A,A90,$G:$G,G90) | R90: 0.54166667 | S90: 0.80208333 | T90: 0.67708333 | U90: 0.71875 | V90: =IF(COUNT(T90:U90)=2,ROUND((U90-T90)*1440,0),0)
A91: 14444444-2 | B91: Activo | C91: DIEGO ROJAS (EJEMPLO) | D91: EXAMEN Y PROCEDIMIENTOS | E91: 46305 | F91: Sábado | G91: 46300 | H91: Tarde S/sábado | I91: LIBRE | L91: =IF(COUNT(J91:K91)=2,K91-J91,0) | M91: =L91*24 | N91: 0 | O91: =N91/60 | P91: =M91-O91 | Q91: =SUMIFS($P:$P,$A:$A,A91,$G:$G,G91) | V91: =IF(COUNT(T91:U91)=2,ROUND((U91-T91)*1440,0),0)
A92: 14444444-2 | B92: Activo | C92: DIEGO ROJAS (EJEMPLO) | D92: EXAMEN Y PROCEDIMIENTOS | E92: 46307 | F92: Lunes | G92: 46307 | H92: Intermedio S/sábado | I92: FERIADO | L92: =IF(COUNT(J92:K92)=2,K92-J92,0) | M92: =L92*24 | N92: 0 | O92: =N92/60 | P92: =M92-O92 | Q92: =SUMIFS($P:$P,$A:$A,A92,$G:$G,G92) | V92: =IF(COUNT(T92:U92)=2,ROUND((U92-T92)*1440,0),0)
A93: 14444444-2 | B93: Activo | C93: DIEGO ROJAS (EJEMPLO) | D93: EXAMEN Y PROCEDIMIENTOS | E93: 46308 | F93: Martes | G93: 46307 | H93: Intermedio S/sábado | I93: TRABAJA | J93: 0.375 | K93: 0.79166667 | L93: =IF(COUNT(J93:K93)=2,K93-J93,0) | M93: =L93*24 | N93: 60 | O93: =N93/60 | P93: =M93-O93 | Q93: =SUMIFS($P:$P,$A:$A,A93,$G:$G,G93) | R93: 0.5 | S93: 0.76041667 | T93: 0.63541667 | U93: 0.67708333 | V93: =IF(COUNT(T93:U93)=2,ROUND((U93-T93)*1440,0),0)
A94: 14444444-2 | B94: Activo | C94: DIEGO ROJAS (EJEMPLO) | D94: EXAMEN Y PROCEDIMIENTOS | E94: 46309 | F94: Miércoles | G94: 46307 | H94: Intermedio S/sábado | I94: TRABAJA | J94: 0.375 | K94: 0.75 | L94: =IF(COUNT(J94:K94)=2,K94-J94,0) | M94: =L94*24 | N94: 60 | O94: =N94/60 | P94: =M94-O94 | Q94: =SUMIFS($P:$P,$A:$A,A94,$G:$G,G94) | R94: 0.45833333 | S94: 0.70833333 | T94: 0.54166667 | U94: 0.58333333 | V94: =IF(COUNT(T94:U94)=2,ROUND((U94-T94)*1440,0),0)
A95: 14444444-2 | B95: Activo | C95: DIEGO ROJAS (EJEMPLO) | D95: EXAMEN Y PROCEDIMIENTOS | E95: 46310 | F95: Jueves | G95: 46307 | H95: Intermedio S/sábado | I95: TRABAJA | J95: 0.375 | K95: 0.75 | L95: =IF(COUNT(J95:K95)=2,K95-J95,0) | M95: =L95*24 | N95: 60 | O95: =N95/60 | P95: =M95-O95 | Q95: =SUMIFS($P:$P,$A:$A,A95,$G:$G,G95) | R95: 0.45833333 | S95: 0.71875 | T95: 0.59375 | U95: 0.63541667 | V95: =IF(COUNT(T95:U95)=2,ROUND((U95-T95)*1440,0),0)
A96: 14444444-2 | B96: Activo | C96: DIEGO ROJAS (EJEMPLO) | D96: EXAMEN Y PROCEDIMIENTOS | E96: 46311 | F96: Viernes | G96: 46307 | H96: Intermedio S/sábado | I96: TRABAJA | J96: 0.375 | K96: 0.75 | L96: =IF(COUNT(J96:K96)=2,K96-J96,0) | M96: =L96*24 | N96: 60 | O96: =N96/60 | P96: =M96-O96 | Q96: =SUMIFS($P:$P,$A:$A,A96,$G:$G,G96) | R96: 0.45833333 | S96: 0.64583333 | T96: 0.51041667 | U96: 0.55208333 | V96: =IF(COUNT(T96:U96)=2,ROUND((U96-T96)*1440,0),0)
A97: 14444444-2 | B97: Activo | C97: DIEGO ROJAS (EJEMPLO) | D97: EXAMEN Y PROCEDIMIENTOS | E97: 46312 | F97: Sábado | G97: 46307 | H97: Intermedio S/sábado | I97: LIBRE | L97: =IF(COUNT(J97:K97)=2,K97-J97,0) | M97: =L97*24 | N97: 0 | O97: =N97/60 | P97: =M97-O97 | Q97: =SUMIFS($P:$P,$A:$A,A97,$G:$G,G97) | V97: =IF(COUNT(T97:U97)=2,ROUND((U97-T97)*1440,0),0)
A98: 14444444-2 | B98: Activo | C98: DIEGO ROJAS (EJEMPLO) | D98: EXAMEN Y PROCEDIMIENTOS | E98: 46314 | F98: Lunes | G98: 46314 | H98: Mañana C/sábado | I98: TRABAJA | J98: 0.33333333 | K98: 0.6875 | L98: =IF(COUNT(J98:K98)=2,K98-J98,0) | M98: =L98*24 | N98: 60 | O98: =N98/60 | P98: =M98-O98 | Q98: =SUMIFS($P:$P,$A:$A,A98,$G:$G,G98) | R98: 0.42708333 | S98: 0.63541667 | T98: 0.47916667 | U98: 0.52083333 | V98: =IF(COUNT(T98:U98)=2,ROUND((U98-T98)*1440,0),0)
A99: 14444444-2 | B99: Activo | C99: DIEGO ROJAS (EJEMPLO) | D99: EXAMEN Y PROCEDIMIENTOS | E99: 46315 | F99: Martes | G99: 46314 | H99: Mañana C/sábado | I99: TRABAJA | J99: 0.33333333 | K99: 0.6875 | L99: =IF(COUNT(J99:K99)=2,K99-J99,0) | M99: =L99*24 | N99: 60 | O99: =N99/60 | P99: =M99-O99 | Q99: =SUMIFS($P:$P,$A:$A,A99,$G:$G,G99) | R99: 0.42708333 | S99: 0.63541667 | T99: 0.47916667 | U99: 0.52083333 | V99: =IF(COUNT(T99:U99)=2,ROUND((U99-T99)*1440,0),0)
A100: 14444444-2 | B100: Activo | C100: DIEGO ROJAS (EJEMPLO) | D100: EXAMEN Y PROCEDIMIENTOS | E100: 46316 | F100: Miércoles | G100: 46314 | H100: Mañana C/sábado | I100: TRABAJA | J100: 0.33333333 | K100: 0.6875 | L100: =IF(COUNT(J100:K100)=2,K100-J100,0) | M100: =L100*24 | N100: 60 | O100: =N100/60 | P100: =M100-O100 | Q100: =SUMIFS($P:$P,$A:$A,A100,$G:$G,G100) | R100: 0.42708333 | S100: 0.61458333 | T100: 0.47916667 | U100: 0.52083333 | V100: =IF(COUNT(T100:U100)=2,ROUND((U100-T100)*1440,0),0)
...

Sheet RESUMEN_EJECUTIVOS
A1: RUT | B1: NOMBRE | C1: SERVICIO | D1: HORAS CONTRATO SEMANAL | E1: MÁX. HORAS SEMANA | F1: HORAS PLANIFICADAS MES | G1: HORAS CONTRATO MES (ref.) | H1: DIFERENCIA | I1: DÍAS TRABAJADOS | J1: SÁBADOS TRABAJADOS | K1: SEMANAS TARDE | L1: DÍAS LIBRE | M1: LICENCIA | N1: VACACIONES
A2: 11111111-1 | B2: ANA PÉREZ (EJEMPLO) | C2: EXAMEN Y PROCEDIMIENTOS | D2: 42 | E2: 42 | F2: =SUMIFS(PLANIFICACION_MENSUAL!$P:$P,PLANIFICACION_MENSUAL!$A:$A,A2) | G2: =D2/5*21 | H2: =F2-G2 | I2: =COUNTIFS(PLANIFICACION_MENSUAL!$A:$A,A2,PLANIFICACION_MENSUAL!$I:$I,"TRABAJA") | J2: =COUNTIFS(PLANIFICACION_MENSUAL!$A:$A,A2,PLANIFICACION_MENSUAL!$F:$F,"Sábado",PLANIFICACION_MENSUAL!$I:$I,"TRABAJA") | K2: 1 | L2: =COUNTIFS(PLANIFICACION_MENSUAL!$A:$A,A2,PLANIFICACION_MENSUAL!$I:$I,"LIBRE") | M2: =COUNTIFS(PLANIFICACION_MENSUAL!$A:$A,A2,PLANIFICACION_MENSUAL!$I:$I,"LICENCIA") | N2: =COUNTIFS(PLANIFICACION_MENSUAL!$A:$A,A2,PLANIFICACION_MENSUAL!$I:$I,"VACACIONES")
A3: 12222222-5 | B3: BRUNO SOTO (EJEMPLO) | C3: EXAMEN Y PROCEDIMIENTOS | D3: 42 | E3: 42 | F3: =SUMIFS(PLANIFICACION_MENSUAL!$P:$P,PLANIFICACION_MENSUAL!$A:$A,A3) | G3: =D3/5*21 | H3: =F3-G3 | I3: =COUNTIFS(PLANIFICACION_MENSUAL!$A:$A,A3,PLANIFICACION_MENSUAL!$I:$I,"TRABAJA") | J3: =COUNTIFS(PLANIFICACION_MENSUAL!$A:$A,A3,PLANIFICACION_MENSUAL!$F:$F,"Sábado",PLANIFICACION_MENSUAL!$I:$I,"TRABAJA") | K3: 1 | L3: =COUNTIFS(PLANIFICACION_MENSUAL!$A:$A,A3,PLANIFICACION_MENSUAL!$I:$I,"LIBRE") | M3: =COUNTIFS(PLANIFICACION_MENSUAL!$A:$A,A3,PLANIFICACION_MENSUAL!$I:$I,"LICENCIA") | N3: =COUNTIFS(PLANIFICACION_MENSUAL!$A:$A,A3,PLANIFICACION_MENSUAL!$I:$I,"VACACIONES")
A4: 13333333-9 | B4: CARLA DÍAZ (EJEMPLO) | C4: EXAMEN Y PROCEDIMIENTOS | D4: 42 | E4: 42 | F4: =SUMIFS(PLANIFICACION_MENSUAL!$P:$P,PLANIFICACION_MENSUAL!$A:$A,A4) | G4: =D4/5*21 | H4: =F4-G4 | I4: =COUNTIFS(PLANIFICACION_MENSUAL!$A:$A,A4,PLANIFICACION_MENSUAL!$I:$I,"TRABAJA") | J4: =COUNTIFS(PLANIFICACION_MENSUAL!$A:$A,A4,PLANIFICACION_MENSUAL!$F:$F,"Sábado",PLANIFICACION_MENSUAL!$I:$I,"TRABAJA") | K4: 1 | L4: =COUNTIFS(PLANIFICACION_MENSUAL!$A:$A,A4,PLANIFICACION_MENSUAL!$I:$I,"LIBRE") | M4: =COUNTIFS(PLANIFICACION_MENSUAL!$A:$A,A4,PLANIFICACION_MENSUAL!$I:$I,"LICENCIA") | N4: =COUNTIFS(PLANIFICACION_MENSUAL!$A:$A,A4,PLANIFICACION_MENSUAL!$I:$I,"VACACIONES")
A5: 14444444-2 | B5: DIEGO ROJAS (EJEMPLO) | C5: EXAMEN Y PROCEDIMIENTOS | D5: 42 | E5: 42 | F5: =SUMIFS(PLANIFICACION_MENSUAL!$P:$P,PLANIFICACION_MENSUAL!$A:$A,A5) | G5: =D5/5*21 | H5: =F5-G5 | I5: =COUNTIFS(PLANIFICACION_MENSUAL!$A:$A,A5,PLANIFICACION_MENSUAL!$I:$I,"TRABAJA") | J5: =COUNTIFS(PLANIFICACION_MENSUAL!$A:$A,A5,PLANIFICACION_MENSUAL!$F:$F,"Sábado",PLANIFICACION_MENSUAL!$I:$I,"TRABAJA") | K5: 1 | L5: =COUNTIFS(PLANIFICACION_MENSUAL!$A:$A,A5,PLANIFICACION_MENSUAL!$I:$I,"LIBRE") | M5: =COUNTIFS(PLANIFICACION_MENSUAL!$A:$A,A5,PLANIFICACION_MENSUAL!$I:$I,"LICENCIA") | N5: =COUNTIFS(PLANIFICACION_MENSUAL!$A:$A,A5,PLANIFICACION_MENSUAL!$I:$I,"VACACIONES")
A6: 15555555-6 | B6: ELENA MUÑOZ (EJEMPLO) | C6: EXAMEN Y PROCEDIMIENTOS | D6: 42 | E6: 42 | F6: =SUMIFS(PLANIFICACION_MENSUAL!$P:$P,PLANIFICACION_MENSUAL!$A:$A,A6) | G6: =D6/5*21 | H6: =F6-G6 | I6: =COUNTIFS(PLANIFICACION_MENSUAL!$A:$A,A6,PLANIFICACION_MENSUAL!$I:$I,"TRABAJA") | J6: =COUNTIFS(PLANIFICACION_MENSUAL!$A:$A,A6,PLANIFICACION_MENSUAL!$F:$F,"Sábado",PLANIFICACION_MENSUAL!$I:$I,"TRABAJA") | K6: 1 | L6: =COUNTIFS(PLANIFICACION_MENSUAL!$A:$A,A6,PLANIFICACION_MENSUAL!$I:$I,"LIBRE") | M6: =COUNTIFS(PLANIFICACION_MENSUAL!$A:$A,A6,PLANIFICACION_MENSUAL!$I:$I,"LICENCIA") | N6: =COUNTIFS(PLANIFICACION_MENSUAL!$A:$A,A6,PLANIFICACION_MENSUAL!$I:$I,"VACACIONES")
A7: 16666666-K | B7: FELIPE VERA (EJEMPLO) | C7: EXAMEN Y PROCEDIMIENTOS | D7: 42 | E7: 42 | F7: =SUMIFS(PLANIFICACION_MENSUAL!$P:$P,PLANIFICACION_MENSUAL!$A:$A,A7) | G7: =D7/5*21 | H7: =F7-G7 | I7: =COUNTIFS(PLANIFICACION_MENSUAL!$A:$A,A7,PLANIFICACION_MENSUAL!$I:$I,"TRABAJA") | J7: =COUNTIFS(PLANIFICACION_MENSUAL!$A:$A,A7,PLANIFICACION_MENSUAL!$F:$F,"Sábado",PLANIFICACION_MENSUAL!$I:$I,"TRABAJA") | K7: 1 | L7: =COUNTIFS(PLANIFICACION_MENSUAL!$A:$A,A7,PLANIFICACION_MENSUAL!$I:$I,"LIBRE") | M7: =COUNTIFS(PLANIFICACION_MENSUAL!$A:$A,A7,PLANIFICACION_MENSUAL!$I:$I,"LICENCIA") | N7: =COUNTIFS(PLANIFICACION_MENSUAL!$A:$A,A7,PLANIFICACION_MENSUAL!$I:$I,"VACACIONES")
A8: 17777777-3 | B8: GABRIELA LAGOS (EJEMPLO) | C8: EXAMEN Y PROCEDIMIENTOS | D8: 42 | E8: 42 | F8: =SUMIFS(PLANIFICACION_MENSUAL!$P:$P,PLANIFICACION_MENSUAL!$A:$A,A8) | G8: =D8/5*21 | H8: =F8-G8 | I8: =COUNTIFS(PLANIFICACION_MENSUAL!$A:$A,A8,PLANIFICACION_MENSUAL!$I:$I,"TRABAJA") | J8: =COUNTIFS(PLANIFICACION_MENSUAL!$A:$A,A8,PLANIFICACION_MENSUAL!$F:$F,"Sábado",PLANIFICACION_MENSUAL!$I:$I,"TRABAJA") | K8: 1 | L8: =COUNTIFS(PLANIFICACION_MENSUAL!$A:$A,A8,PLANIFICACION_MENSUAL!$I:$I,"LIBRE") | M8: =COUNTIFS(PLANIFICACION_MENSUAL!$A:$A,A8,PLANIFICACION_MENSUAL!$I:$I,"LICENCIA") | N8: =COUNTIFS(PLANIFICACION_MENSUAL!$A:$A,A8,PLANIFICACION_MENSUAL!$I:$I,"VACACIONES")
A9: 18888888-7 | B9: HUGO FUENTES (EJEMPLO) | C9: EXAMEN Y PROCEDIMIENTOS | D9: 42 | E9: 42 | F9: =SUMIFS(PLANIFICACION_MENSUAL!$P:$P,PLANIFICACION_MENSUAL!$A:$A,A9) | G9: =D9/5*21 | H9: =F9-G9 | I9: =COUNTIFS(PLANIFICACION_MENSUAL!$A:$A,A9,PLANIFICACION_MENSUAL!$I:$I,"TRABAJA") | J9: =COUNTIFS(PLANIFICACION_MENSUAL!$A:$A,A9,PLANIFICACION_MENSUAL!$F:$F,"Sábado",PLANIFICACION_MENSUAL!$I:$I,"TRABAJA") | K9: 1 | L9: =COUNTIFS(PLANIFICACION_MENSUAL!$A:$A,A9,PLANIFICACION_MENSUAL!$I:$I,"LIBRE") | M9: =COUNTIFS(PLANIFICACION_MENSUAL!$A:$A,A9,PLANIFICACION_MENSUAL!$I:$I,"LICENCIA") | N9: =COUNTIFS(PLANIFICACION_MENSUAL!$A:$A,A9,PLANIFICACION_MENSUAL!$I:$I,"VACACIONES")
A10: 19999999-0 | B10: ISABEL CASTRO (EJEMPLO) | C10: EXAMEN Y PROCEDIMIENTOS | D10: 42 | E10: 42 | F10: =SUMIFS(PLANIFICACION_MENSUAL!$P:$P,PLANIFICACION_MENSUAL!$A:$A,A10) | G10: =D10/5*21 | H10: =F10-G10 | I10: =COUNTIFS(PLANIFICACION_MENSUAL!$A:$A,A10,PLANIFICACION_MENSUAL!$I:$I,"TRABAJA") | J10: =COUNTIFS(PLANIFICACION_MENSUAL!$A:$A,A10,PLANIFICACION_MENSUAL!$F:$F,"Sábado",PLANIFICACION_MENSUAL!$I:$I,"TRABAJA") | K10: 1 | L10: =COUNTIFS(PLANIFICACION_MENSUAL!$A:$A,A10,PLANIFICACION_MENSUAL!$I:$I,"LIBRE") | M10: =COUNTIFS(PLANIFICACION_MENSUAL!$A:$A,A10,PLANIFICACION_MENSUAL!$I:$I,"LICENCIA") | N10: =COUNTIFS(PLANIFICACION_MENSUAL!$A:$A,A10,PLANIFICACION_MENSUAL!$I:$I,"VACACIONES")
A11: 21111110-0 | B11: JORGE REYES (EJEMPLO) | C11: EXAMEN Y PROCEDIMIENTOS | D11: 42 | E11: 42 | F11: =SUMIFS(PLANIFICACION_MENSUAL!$P:$P,PLANIFICACION_MENSUAL!$A:$A,A11) | G11: =D11/5*21 | H11: =F11-G11 | I11: =COUNTIFS(PLANIFICACION_MENSUAL!$A:$A,A11,PLANIFICACION_MENSUAL!$I:$I,"TRABAJA") | J11: =COUNTIFS(PLANIFICACION_MENSUAL!$A:$A,A11,PLANIFICACION_MENSUAL!$F:$F,"Sábado",PLANIFICACION_MENSUAL!$I:$I,"TRABAJA") | K11: 1 | L11: =COUNTIFS(PLANIFICACION_MENSUAL!$A:$A,A11,PLANIFICACION_MENSUAL!$I:$I,"LIBRE") | M11: =COUNTIFS(PLANIFICACION_MENSUAL!$A:$A,A11,PLANIFICACION_MENSUAL!$I:$I,"LICENCIA") | N11: =COUNTIFS(PLANIFICACION_MENSUAL!$A:$A,A11,PLANIFICACION_MENSUAL!$I:$I,"VACACIONES")
A12: 22222221-4 | B12: KAREN SILVA (EJEMPLO) | C12: EXAMEN Y PROCEDIMIENTOS | D12: 42 | E12: 42 | F12: =SUMIFS(PLANIFICACION_MENSUAL!$P:$P,PLANIFICACION_MENSUAL!$A:$A,A12) | G12: =D12/5*21 | H12: =F12-G12 | I12: =COUNTIFS(PLANIFICACION_MENSUAL!$A:$A,A12,PLANIFICACION_MENSUAL!$I:$I,"TRABAJA") | J12: =COUNTIFS(PLANIFICACION_MENSUAL!$A:$A,A12,PLANIFICACION_MENSUAL!$F:$F,"Sábado",PLANIFICACION_MENSUAL!$I:$I,"TRABAJA") | K12: 1 | L12: =COUNTIFS(PLANIFICACION_MENSUAL!$A:$A,A12,PLANIFICACION_MENSUAL!$I:$I,"LIBRE") | M12: =COUNTIFS(PLANIFICACION_MENSUAL!$A:$A,A12,PLANIFICACION_MENSUAL!$I:$I,"LICENCIA") | N12: =COUNTIFS(PLANIFICACION_MENSUAL!$A:$A,A12,PLANIFICACION_MENSUAL!$I:$I,"VACACIONES")
A13: 23333332-8 | B13: LUIS MORALES (EJEMPLO) | C13: EXAMEN Y PROCEDIMIENTOS | D13: 42 | E13: 42 | F13: =SUMIFS(PLANIFICACION_MENSUAL!$P:$P,PLANIFICACION_MENSUAL!$A:$A,A13) | G13: =D13/5*21 | H13: =F13-G13 | I13: =COUNTIFS(PLANIFICACION_MENSUAL!$A:$A,A13,PLANIFICACION_MENSUAL!$I:$I,"TRABAJA") | J13: =COUNTIFS(PLANIFICACION_MENSUAL!$A:$A,A13,PLANIFICACION_MENSUAL!$F:$F,"Sábado",PLANIFICACION_MENSUAL!$I:$I,"TRABAJA") | K13: 1 | L13: =COUNTIFS(PLANIFICACION_MENSUAL!$A:$A,A13,PLANIFICACION_MENSUAL!$I:$I,"LIBRE") | M13: =COUNTIFS(PLANIFICACION_MENSUAL!$A:$A,A13,PLANIFICACION_MENSUAL!$I:$I,"LICENCIA") | N13: =COUNTIFS(PLANIFICACION_MENSUAL!$A:$A,A13,PLANIFICACION_MENSUAL!$I:$I,"VACACIONES")
... A17: 27777776-2 | B17: PABLO HERRERA (EJEMPLO) | C17: IMAGENES | D17: 42 | E17: 42 | F17: =SUMIFS(PLANIFICACION_MENSUAL!$P:$P,PLANIFICACION_MENSUAL!$A:$A,A17) | G17: =D17/5*21 | H17: =F17-G17 | I17: =COUNTIFS(PLANIFICACION_MENSUAL!$A:$A,A17,PLANIFICACION_MENSUAL!$I:$I,"TRABAJA") | J17: =COUNTIFS(PLANIFICACION_MENSUAL!$A:$A,A17,PLANIFICACION_MENSUAL!$F:$F,"Sábado",PLANIFICACION_MENSUAL!$I:$I,"TRABAJA") | K17: 0 | L17: =COUNTIFS(PLANIFICACION_MENSUAL!$A:$A,A17,PLANIFICACION_MENSUAL!$I:$I,"LIBRE") | M17: =COUNTIFS(PLANIFICACION_MENSUAL!$A:$A,A17,PLANIFICACION_MENSUAL!$I:$I,"LICENCIA") | N17: =COUNTIFS(PLANIFICACION_MENSUAL!$A:$A,A17,PLANIFICACION_MENSUAL!$I:$I,"VACACIONES")
A18: TOTAL | B18: =COUNTA(A2:A17)&" ejecutivos" | D18: =SUM(D2:D17) | E18: =MAX(E2:E17) | F18: =SUM(F2:F17) | G18: =SUM(G2:G17) | H18: =SUM(H2:H17) | I18: =SUM(I2:I17) | J18: =SUM(J2:J17) | K18: =SUM(K2:K17) | L18: =SUM(L2:L17) | M18: =SUM(M2:M17) | N18: =SUM(N2:N17)

Sheet MATRIZ_COBERTURA
A1: FECHA | B1: DIA | C1: TIPO_DIA | D1: 0.33333333 | E1: 0.375 | F1: 0.41666667 | G1: 0.45833333 | H1: 0.5 | I1: 0.54166667 | J1: 0.58333333 | K1: 0.625 | L1: 0.66666667 | M1: 0.70833333 | N1: 0.75 | O1: 0.79166667 | P1: TURNOS DEL DÍA
A2: 46296 | B2: Jueves | C2: HÁBIL | D2: =COUNTIFS(PLANIFICACION_MENSUAL!$E$2:$E$433,$A2,PLANIFICACION_MENSUAL!$J$2:$J$433,"<="&(D$1+0.0001),PLANIFICACION_MENSUAL!$K$2:$K$433,">"&(D$1+0.0001)) | E2: =COUNTIFS(PLANIFICACION_MENSUAL!$E$2:$E$433,$A2,PLANIFICACION_MENSUAL!$J$2:$J$433,"<="&(E$1+0.0001),PLANIFICACION_MENSUAL!$K$2:$K$433,">"&(E$1+0.0001)) | F2: =COUNTIFS(PLANIFICACION_MENSUAL!$E$2:$E$433,$A2,PLANIFICACION_MENSUAL!$J$2:$J$433,"<="&(F$1+0.0001),PLANIFICACION_MENSUAL!$K$2:$K$433,">"&(F$1+0.0001)) | G2: =COUNTIFS(PLANIFICACION_MENSUAL!$E$2:$E$433,$A2,PLANIFICACION_MENSUAL!$J$2:$J$433,"<="&(G$1+0.0001),PLANIFICACION_MENSUAL!$K$2:$K$433,">"&(G$1+0.0001)) | H2: =COUNTIFS(PLANIFICACION_MENSUAL!$E$2:$E$433,$A2,PLANIFICACION_MENSUAL!$J$2:$J$433,"<="&(H$1+0.0001),PLANIFICACION_MENSUAL!$K$2:$K$433,">"&(H$1+0.0001)) | I2: =COUNTIFS(PLANIFICACION_MENSUAL!$E$2:$E$433,$A2,PLANIFICACION_MENSUAL!$J$2:$J$433,"<="&(I$1+0.0001),PLANIFICACION_MENSUAL!$K$2:$K$433,">"&(I$1+0.0001)) | J2: =COUNTIFS(PLANIFICACION_MENSUAL!$E$2:$E$433,$A2,PLANIFICACION_MENSUAL!$J$2:$J$433,"<="&(J$1+0.0001),PLANIFICACION_MENSUAL!$K$2:$K$433,">"&(J$1+0.0001)) | K2: =COUNTIFS(PLANIFICACION_MENSUAL!$E$2:$E$433,$A2,PLANIFICACION_MENSUAL!$J$2:$J$433,"<="&(K$1+0.0001),PLANIFICACION_MENSUAL!$K$2:$K$433,">"&(K$1+0.0001)) | ... O2: =COUNTIFS(PLANIFICACION_MENSUAL!$E$2:$E$433,$A2,PLANIFICACION_MENSUAL!$J$2:$J$433,"<="&(O$1+0.0001),PLANIFICACION_MENSUAL!$K$2:$K$433,">"&(O$1+0.0001)) | P2: =COUNTIFS(PLANIFICACION_MENSUAL!$E$2:$E$433,$A2,PLANIFICACION_MENSUAL!$I$2:$I$433,"TRABAJA")
A3: 46297 | B3: Viernes | C3: HÁBIL | D3: =COUNTIFS(PLANIFICACION_MENSUAL!$E$2:$E$433,$A3,PLANIFICACION_MENSUAL!$J$2:$J$433,"<="&(D$1+0.0001),PLANIFICACION_MENSUAL!$K$2:$K$433,">"&(D$1+0.0001)) | E3: =COUNTIFS(PLANIFICACION_MENSUAL!$E$2:$E$433,$A3,PLANIFICACION_MENSUAL!$J$2:$J$433,"<="&(E$1+0.0001),PLANIFICACION_MENSUAL!$K$2:$K$433,">"&(E$1+0.0001)) | F3: =COUNTIFS(PLANIFICACION_MENSUAL!$E$2:$E$433,$A3,PLANIFICACION_MENSUAL!$J$2:$J$433,"<="&(F$1+0.0001),PLANIFICACION_MENSUAL!$K$2:$K$433,">"&(F$1+0.0001)) | G3: =COUNTIFS(PLANIFICACION_MENSUAL!$E$2:$E$433,$A3,PLANIFICACION_MENSUAL!$J$2:$J$433,"<="&(G$1+0.0001),PLANIFICACION_MENSUAL!$K$2:$K$433,">"&(G$1+0.0001)) | H3: =COUNTIFS(PLANIFICACION_MENSUAL!$E$2:$E$433,$A3,PLANIFICACION_MENSUAL!$J$2:$J$433,"<="&(H$1+0.0001),PLANIFICACION_MENSUAL!$K$2:$K$433,">"&(H$1+0.0001)) | I3: =COUNTIFS(PLANIFICACION_MENSUAL!$E$2:$E$433,$A3,PLANIFICACION_MENSUAL!$J$2:$J$433,"<="&(I$1+0.0001),PLANIFICACION_MENSUAL!$K$2:$K$433,">"&(I$1+0.0001)) | J3: =COUNTIFS(PLANIFICACION_MENSUAL!$E$2:$E$433,$A3,PLANIFICACION_MENSUAL!$J$2:$J$433,"<="&(J$1+0.0001),PLANIFICACION_MENSUAL!$K$2:$K$433,">"&(J$1+0.0001)) | K3: =COUNTIFS(PLANIFICACION_MENSUAL!$E$2:$E$433,$A3,PLANIFICACION_MENSUAL!$J$2:$J$433,"<="&(K$1+0.0001),PLANIFICACION_MENSUAL!$K$2:$K$433,">"&(K$1+0.0001)) | ... O3: =COUNTIFS(PLANIFICACION_MENSUAL!$E$2:$E$433,$A3,PLANIFICACION_MENSUAL!$J$2:$J$433,"<="&(O$1+0.0001),PLANIFICACION_MENSUAL!$K$2:$K$433,">"&(O$1+0.0001)) | P3: =COUNTIFS(PLANIFICACION_MENSUAL!$E$2:$E$433,$A3,PLANIFICACION_MENSUAL!$I$2:$I$433,"TRABAJA")
A4: 46298 | B4: Sábado | C4: SÁBADO | D4: =COUNTIFS(PLANIFICACION_MENSUAL!$E$2:$E$433,$A4,PLANIFICACION_MENSUAL!$J$2:$J$433,"<="&(D$1+0.0001),PLANIFICACION_MENSUAL!$K$2:$K$433,">"&(D$1+0.0001)) | E4: =COUNTIFS(PLANIFICACION_MENSUAL!$E$2:$E$433,$A4,PLANIFICACION_MENSUAL!$J$2:$J$433,"<="&(E$1+0.0001),PLANIFICACION_MENSUAL!$K$2:$K$433,">"&(E$1+0.0001)) | F4: =COUNTIFS(PLANIFICACION_MENSUAL!$E$2:$E$433,$A4,PLANIFICACION_MENSUAL!$J$2:$J$433,"<="&(F$1+0.0001),PLANIFICACION_MENSUAL!$K$2:$K$433,">"&(F$1+0.0001)) | G4: =COUNTIFS(PLANIFICACION_MENSUAL!$E$2:$E$433,$A4,PLANIFICACION_MENSUAL!$J$2:$J$433,"<="&(G$1+0.0001),PLANIFICACION_MENSUAL!$K$2:$K$433,">"&(G$1+0.0001)) | H4: =COUNTIFS(PLANIFICACION_MENSUAL!$E$2:$E$433,$A4,PLANIFICACION_MENSUAL!$J$2:$J$433,"<="&(H$1+0.0001),PLANIFICACION_MENSUAL!$K$2:$K$433,">"&(H$1+0.0001)) | I4: =COUNTIFS(PLANIFICACION_MENSUAL!$E$2:$E$433,$A4,PLANIFICACION_MENSUAL!$J$2:$J$433,"<="&(I$1+0.0001),PLANIFICACION_MENSUAL!$K$2:$K$433,">"&(I$1+0.0001)) | J4: =COUNTIFS(PLANIFICACION_MENSUAL!$E$2:$E$433,$A4,PLANIFICACION_MENSUAL!$J$2:$J$433,"<="&(J$1+0.0001),PLANIFICACION_MENSUAL!$K$2:$K$433,">"&(J$1+0.0001)) | K4: =COUNTIFS(PLANIFICACION_MENSUAL!$E$2:$E$433,$A4,PLANIFICACION_MENSUAL!$J$2:$J$433,"<="&(K$1+0.0001),PLANIFICACION_MENSUAL!$K$2:$K$433,">"&(K$1+0.0001)) | ... O4: =COUNTIFS(PLANIFICACION_MENSUAL!$E$2:$E$433,$A4,PLANIFICACION_MENSUAL!$J$2:$J$433,"<="&(O$1+0.0001),PLANIFICACION_MENSUAL!$K$2:$K$433,">"&(O$1+0.0001)) | P4: =COUNTIFS(PLANIFICACION_MENSUAL!$E$2:$E$433,$A4,PLANIFICACION_MENSUAL!$I$2:$I$433,"TRABAJA")
A5: 46300 | B5: Lunes | C5: HÁBIL | D5: =COUNTIFS(PLANIFICACION_MENSUAL!$E$2:$E$433,$A5,PLANIFICACION_MENSUAL!$J$2:$J$433,"<="&(D$1+0.0001),PLANIFICACION_MENSUAL!$K$2:$K$433,">"&(D$1+0.0001)) | E5: =COUNTIFS(PLANIFICACION_MENSUAL!$E$2:$E$433,$A5,PLANIFICACION_MENSUAL!$J$2:$J$433,"<="&(E$1+0.0001),PLANIFICACION_MENSUAL!$K$2:$K$433,">"&(E$1+0.0001)) | F5: =COUNTIFS(PLANIFICACION_MENSUAL!$E$2:$E$433,$A5,PLANIFICACION_MENSUAL!$J$2:$J$433,"<="&(F$1+0.0001),PLANIFICACION_MENSUAL!$K$2:$K$433,">"&(F$1+0.0001)) | G5: =COUNTIFS(PLANIFICACION_MENSUAL!$E$2:$E$433,$A5,PLANIFICACION_MENSUAL!$J$2:$J$433,"<="&(G$1+0.0001),PLANIFICACION_MENSUAL!$K$2:$K$433,">"&(G$1+0.0001)) | H5: =COUNTIFS(PLANIFICACION_MENSUAL!$E$2:$E$433,$A5,PLANIFICACION_MENSUAL!$J$2:$J$433,"<="&(H$1+0.0001),PLANIFICACION_MENSUAL!$K$2:$K$433,">"&(H$1+0.0001)) | I5: =COUNTIFS(PLANIFICACION_MENSUAL!$E$2:$E$433,$A5,PLANIFICACION_MENSUAL!$J$2:$J$433,"<="&(I$1+0.0001),PLANIFICACION_MENSUAL!$K$2:$K$433,">"&(I$1+0.0001)) | J5: =COUNTIFS(PLANIFICACION_MENSUAL!$E$2:$E$433,$A5,PLANIFICACION_MENSUAL!$J$2:$J$433,"<="&(J$1+0.0001),PLANIFICACION_MENSUAL!$K$2:$K$433,">"&(J$1+0.0001)) | K5: =COUNTIFS(PLANIFICACION_MENSUAL!$E$2:$E$433,$A5,PLANIFICACION_MENSUAL!$J$2:$J$433,"<="&(K$1+0.0001),PLANIFICACION_MENSUAL!$K$2:$K$433,">"&(K$1+0.0001)) | ... O5: =COUNTIFS(PLANIFICACION_MENSUAL!$E$2:$E$433,$A5,PLANIFICACION_MENSUAL!$J$2:$J$433,"<="&(O$1+0.0001),PLANIFICACION_MENSUAL!$K$2:$K$433,">"&(O$1+0.0001)) | P5: =COUNTIFS(PLANIFICACION_MENSUAL!$E$2:$E$433,$A5,PLANIFICACION_MENSUAL!$I$2:$I$433,"TRABAJA")
A6: 46301 | B6: Martes | C6: HÁBIL | D6: =COUNTIFS(PLANIFICACION_MENSUAL!$E$2:$E$433,$A6,PLANIFICACION_MENSUAL!$J$2:$J$433,"<="&(D$1+0.0001),PLANIFICACION_MENSUAL!$K$2:$K$433,">"&(D$1+0.0001)) | E6: =COUNTIFS(PLANIFICACION_MENSUAL!$E$2:$E$433,$A6,PLANIFICACION_MENSUAL!$J$2:$J$433,"<="&(E$1+0.0001),PLANIFICACION_MENSUAL!$K$2:$K$433,">"&(E$1+0.0001)) | F6: =COUNTIFS(PLANIFICACION_MENSUAL!$E$2:$E$433,$A6,PLANIFICACION_MENSUAL!$J$2:$J$433,"<="&(F$1+0.0001),PLANIFICACION_MENSUAL!$K$2:$K$433,">"&(F$1+0.0001)) | G6: =COUNTIFS(PLANIFICACION_MENSUAL!$E$2:$E$433,$A6,PLANIFICACION_MENSUAL!$J$2:$J$433,"<="&(G$1+0.0001),PLANIFICACION_MENSUAL!$K$2:$K$433,">"&(G$1+0.0001)) | H6: =COUNTIFS(PLANIFICACION_MENSUAL!$E$2:$E$433,$A6,PLANIFICACION_MENSUAL!$J$2:$J$433,"<="&(H$1+0.0001),PLANIFICACION_MENSUAL!$K$2:$K$433,">"&(H$1+0.0001)) | I6: =COUNTIFS(PLANIFICACION_MENSUAL!$E$2:$E$433,$A6,PLANIFICACION_MENSUAL!$J$2:$J$433,"<="&(I$1+0.0001),PLANIFICACION_MENSUAL!$K$2:$K$433,">"&(I$1+0.0001)) | J6: =COUNTIFS(PLANIFICACION_MENSUAL!$E$2:$E$433,$A6,PLANIFICACION_MENSUAL!$J$2:$J$433,"<="&(J$1+0.0001),PLANIFICACION_MENSUAL!$K$2:$K$433,">"&(J$1+0.0001)) | K6: =COUNTIFS(PLANIFICACION_MENSUAL!$E$2:$E$433,$A6,PLANIFICACION_MENSUAL!$J$2:$J$433,"<="&(K$1+0.0001),PLANIFICACION_MENSUAL!$K$2:$K$433,">"&(K$1+0.0001)) | ... O6: =COUNTIFS(PLANIFICACION_MENSUAL!$E$2:$E$433,$A6,PLANIFICACION_MENSUAL!$J$2:$J$433,"<="&(O$1+0.0001),PLANIFICACION_MENSUAL!$K$2:$K$433,">"&(O$1+0.0001)) | P6: =COUNTIFS(PLANIFICACION_MENSUAL!$E$2:$E$433,$A6,PLANIFICACION_MENSUAL!$I$2:$I$433,"TRABAJA")
A7: 46302 | B7: Miércoles | C7: HÁBIL | D7: =COUNTIFS(PLANIFICACION_MENSUAL!$E$2:$E$433,$A7,PLANIFICACION_MENSUAL!$J$2:$J$433,"<="&(D$1+0.0001),PLANIFICACION_MENSUAL!$K$2:$K$433,">"&(D$1+0.0001)) | E7: =COUNTIFS(PLANIFICACION_MENSUAL!$E$2:$E$433,$A7,PLANIFICACION_MENSUAL!$J$2:$J$433,"<="&(E$1+0.0001),PLANIFICACION_MENSUAL!$K$2:$K$433,">"&(E$1+0.0001)) | F7: =COUNTIFS(PLANIFICACION_MENSUAL!$E$2:$E$433,$A7,PLANIFICACION_MENSUAL!$J$2:$J$433,"<="&(F$1+0.0001),PLANIFICACION_MENSUAL!$K$2:$K$433,">"&(F$1+0.0001)) | G7: =COUNTIFS(PLANIFICACION_MENSUAL!$E$2:$E$433,$A7,PLANIFICACION_MENSUAL!$J$2:$J$433,"<="&(G$1+0.0001),PLANIFICACION_MENSUAL!$K$2:$K$433,">"&(G$1+0.0001)) | H7: =COUNTIFS(PLANIFICACION_MENSUAL!$E$2:$E$433,$A7,PLANIFICACION_MENSUAL!$J$2:$J$433,"<="&(H$1+0.0001),PLANIFICACION_MENSUAL!$K$2:$K$433,">"&(H$1+0.0001)) | I7: =COUNTIFS(PLANIFICACION_MENSUAL!$E$2:$E$433,$A7,PLANIFICACION_MENSUAL!$J$2:$J$433,"<="&(I$1+0.0001),PLANIFICACION_MENSUAL!$K$2:$K$433,">"&(I$1+0.0001)) | J7: =COUNTIFS(PLANIFICACION_MENSUAL!$E$2:$E$433,$A7,PLANIFICACION_MENSUAL!$J$2:$J$433,"<="&(J$1+0.0001),PLANIFICACION_MENSUAL!$K$2:$K$433,">"&(J$1+0.0001)) | K7: =COUNTIFS(PLANIFICACION_MENSUAL!$E$2:$E$433,$A7,PLANIFICACION_MENSUAL!$J$2:$J$433,"<="&(K$1+0.0001),PLANIFICACION_MENSUAL!$K$2:$K$433,">"&(K$1+0.0001)) | ... O7: =COUNTIFS(PLANIFICACION_MENSUAL!$E$2:$E$433,$A7,PLANIFICACION_MENSUAL!$J$2:$J$433,"<="&(O$1+0.0001),PLANIFICACION_MENSUAL!$K$2:$K$433,">"&(O$1+0.0001)) | P7: =COUNTIFS(PLANIFICACION_MENSUAL!$E$2:$E$433,$A7,PLANIFICACION_MENSUAL!$I$2:$I$433,"TRABAJA")
A8: 46303 | B8: Jueves | C8: HÁBIL | D8: =COUNTIFS(PLANIFICACION_MENSUAL!$E$2:$E$433,$A8,PLANIFICACION_MENSUAL!$J$2:$J$433,"<="&(D$1+0.0001),PLANIFICACION_MENSUAL!$K$2:$K$433,">"&(D$1+0.0001)) | E8: =COUNTIFS(PLANIFICACION_MENSUAL!$E$2:$E$433,$A8,PLANIFICACION_MENSUAL!$J$2:$J$433,"<="&(E$1+0.0001),PLANIFICACION_MENSUAL!$K$2:$K$433,">"&(E$1+0.0001)) | F8: =COUNTIFS(PLANIFICACION_MENSUAL!$E$2:$E$433,$A8,PLANIFICACION_MENSUAL!$J$2:$J$433,"<="&(F$1+0.0001),PLANIFICACION_MENSUAL!$K$2:$K$433,">"&(F$1+0.0001)) | G8: =COUNTIFS(PLANIFICACION_MENSUAL!$E$2:$E$433,$A8,PLANIFICACION_MENSUAL!$J$2:$J$433,"<="&(G$1+0.0001),PLANIFICACION_MENSUAL!$K$2:$K$433,">"&(G$1+0.0001)) | H8: =COUNTIFS(PLANIFICACION_MENSUAL!$E$2:$E$433,$A8,PLANIFICACION_MENSUAL!$J$2:$J$433,"<="&(H$1+0.0001),PLANIFICACION_MENSUAL!$K$2:$K$433,">"&(H$1+0.0001)) | I8: =COUNTIFS(PLANIFICACION_MENSUAL!$E$2:$E$433,$A8,PLANIFICACION_MENSUAL!$J$2:$J$433,"<="&(I$1+0.0001),PLANIFICACION_MENSUAL!$K$2:$K$433,">"&(I$1+0.0001)) | J8: =COUNTIFS(PLANIFICACION_MENSUAL!$E$2:$E$433,$A8,PLANIFICACION_MENSUAL!$J$2:$J$433,"<="&(J$1+0.0001),PLANIFICACION_MENSUAL!$K$2:$K$433,">"&(J$1+0.0001)) | K8: =COUNTIFS(PLANIFICACION_MENSUAL!$E$2:$E$433,$A8,PLANIFICACION_MENSUAL!$J$2:$J$433,"<="&(K$1+0.0001),PLANIFICACION_MENSUAL!$K$2:$K$433,">"&(K$1+0.0001)) | ... O8: =COUNTIFS(PLANIFICACION_MENSUAL!$E$2:$E$433,$A8,PLANIFICACION_MENSUAL!$J$2:$J$433,"<="&(O$1+0.0001),PLANIFICACION_MENSUAL!$K$2:$K$433,">"&(O$1+0.0001)) | P8: =COUNTIFS(PLANIFICACION_MENSUAL!$E$2:$E$433,$A8,PLANIFICACION_MENSUAL!$I$2:$I$433,"TRABAJA")
A9: 46304 | B9: Viernes | C9: HÁBIL | D9: =COUNTIFS(PLANIFICACION_MENSUAL!$E$2:$E$433,$A9,PLANIFICACION_MENSUAL!$J$2:$J$433,"<="&(D$1+0.0001),PLANIFICACION_MENSUAL!$K$2:$K$433,">"&(D$1+0.0001)) | E9: =COUNTIFS(PLANIFICACION_MENSUAL!$E$2:$E$433,$A9,PLANIFICACION_MENSUAL!$J$2:$J$433,"<="&(E$1+0.0001),PLANIFICACION_MENSUAL!$K$2:$K$433,">"&(E$1+0.0001)) | F9: =COUNTIFS(PLANIFICACION_MENSUAL!$E$2:$E$433,$A9,PLANIFICACION_MENSUAL!$J$2:$J$433,"<="&(F$1+0.0001),PLANIFICACION_MENSUAL!$K$2:$K$433,">"&(F$1+0.0001)) | G9: =COUNTIFS(PLANIFICACION_MENSUAL!$E$2:$E$433,$A9,PLANIFICACION_MENSUAL!$J$2:$J$433,"<="&(G$1+0.0001),PLANIFICACION_MENSUAL!$K$2:$K$433,">"&(G$1+0.0001)) | H9: =COUNTIFS(PLANIFICACION_MENSUAL!$E$2:$E$433,$A9,PLANIFICACION_MENSUAL!$J$2:$J$433,"<="&(H$1+0.0001),PLANIFICACION_MENSUAL!$K$2:$K$433,">"&(H$1+0.0001)) | I9: =COUNTIFS(PLANIFICACION_MENSUAL!$E$2:$E$433,$A9,PLANIFICACION_MENSUAL!$J$2:$J$433,"<="&(I$1+0.0001),PLANIFICACION_MENSUAL!$K$2:$K$433,">"&(I$1+0.0001)) | J9: =COUNTIFS(PLANIFICACION_MENSUAL!$E$2:$E$433,$A9,PLANIFICACION_MENSUAL!$J$2:$J$433,"<="&(J$1+0.0001),PLANIFICACION_MENSUAL!$K$2:$K$433,">"&(J$1+0.0001)) | K9: =COUNTIFS(PLANIFICACION_MENSUAL!$E$2:$E$433,$A9,PLANIFICACION_MENSUAL!$J$2:$J$433,"<="&(K$1+0.0001),PLANIFICACION_MENSUAL!$K$2:$K$433,">"&(K$1+0.0001)) | ... O9: =COUNTIFS(PLANIFICACION_MENSUAL!$E$2:$E$433,$A9,PLANIFICACION_MENSUAL!$J$2:$J$433,"<="&(O$1+0.0001),PLANIFICACION_MENSUAL!$K$2:$K$433,">"&(O$1+0.0001)) | P9: =COUNTIFS(PLANIFICACION_MENSUAL!$E$2:$E$433,$A9,PLANIFICACION_MENSUAL!$I$2:$I$433,"TRABAJA")
A10: 46305 | B10: Sábado | C10: SÁBADO | D10: =COUNTIFS(PLANIFICACION_MENSUAL!$E$2:$E$433,$A10,PLANIFICACION_MENSUAL!$J$2:$J$433,"<="&(D$1+0.0001),PLANIFICACION_MENSUAL!$K$2:$K$433,">"&(D$1+0.0001)) | E10: =COUNTIFS(PLANIFICACION_MENSUAL!$E$2:$E$433,$A10,PLANIFICACION_MENSUAL!$J$2:$J$433,"<="&(E$1+0.0001),PLANIFICACION_MENSUAL!$K$2:$K$433,">"&(E$1+0.0001)) | F10: =COUNTIFS(PLANIFICACION_MENSUAL!$E$2:$E$433,$A10,PLANIFICACION_MENSUAL!$J$2:$J$433,"<="&(F$1+0.0001),PLANIFICACION_MENSUAL!$K$2:$K$433,">"&(F$1+0.0001)) | G10: =COUNTIFS(PLANIFICACION_MENSUAL!$E$2:$E$433,$A10,PLANIFICACION_MENSUAL!$J$2:$J$433,"<="&(G$1+0.0001),PLANIFICACION_MENSUAL!$K$2:$K$433,">"&(G$1+0.0001)) | H10: =COUNTIFS(PLANIFICACION_MENSUAL!$E$2:$E$433,$A10,PLANIFICACION_MENSUAL!$J$2:$J$433,"<="&(H$1+0.0001),PLANIFICACION_MENSUAL!$K$2:$K$433,">"&(H$1+0.0001)) | I10: =COUNTIFS(PLANIFICACION_MENSUAL!$E$2:$E$433,$A10,PLANIFICACION_MENSUAL!$J$2:$J$433,"<="&(I$1+0.0001),PLANIFICACION_MENSUAL!$K$2:$K$433,">"&(I$1+0.0001)) | J10: =COUNTIFS(PLANIFICACION_MENSUAL!$E$2:$E$433,$A10,PLANIFICACION_MENSUAL!$J$2:$J$433,"<="&(J$1+0.0001),PLANIFICACION_MENSUAL!$K$2:$K$433,">"&(J$1+0.0001)) | K10: =COUNTIFS(PLANIFICACION_MENSUAL!$E$2:$E$433,$A10,PLANIFICACION_MENSUAL!$J$2:$J$433,"<="&(K$1+0.0001),PLANIFICACION_MENSUAL!$K$2:$K$433,">"&(K$1+0.0001)) | ... O10: =COUNTIFS(PLANIFICACION_MENSUAL!$E$2:$E$433,$A10,PLANIFICACION_MENSUAL!$J$2:$J$433,"<="&(O$1+0.0001),PLANIFICACION_MENSUAL!$K$2:$K$433,">"&(O$1+0.0001)) | P10: =COUNTIFS(PLANIFICACION_MENSUAL!$E$2:$E$433,$A10,PLANIFICACION_MENSUAL!$I$2:$I$433,"TRABAJA")
A11: 46307 | B11: Lunes | C11: FERIADO | D11: =COUNTIFS(PLANIFICACION_MENSUAL!$E$2:$E$433,$A11,PLANIFICACION_MENSUAL!$J$2:$J$433,"<="&(D$1+0.0001),PLANIFICACION_MENSUAL!$K$2:$K$433,">"&(D$1+0.0001)) | E11: =COUNTIFS(PLANIFICACION_MENSUAL!$E$2:$E$433,$A11,PLANIFICACION_MENSUAL!$J$2:$J$433,"<="&(E$1+0.0001),PLANIFICACION_MENSUAL!$K$2:$K$433,">"&(E$1+0.0001)) | F11: =COUNTIFS(PLANIFICACION_MENSUAL!$E$2:$E$433,$A11,PLANIFICACION_MENSUAL!$J$2:$J$433,"<="&(F$1+0.0001),PLANIFICACION_MENSUAL!$K$2:$K$433,">"&(F$1+0.0001)) | G11: =COUNTIFS(PLANIFICACION_MENSUAL!$E$2:$E$433,$A11,PLANIFICACION_MENSUAL!$J$2:$J$433,"<="&(G$1+0.0001),PLANIFICACION_MENSUAL!$K$2:$K$433,">"&(G$1+0.0001)) | H11: =COUNTIFS(PLANIFICACION_MENSUAL!$E$2:$E$433,$A11,PLANIFICACION_MENSUAL!$J$2:$J$433,"<="&(H$1+0.0001),PLANIFICACION_MENSUAL!$K$2:$K$433,">"&(H$1+0.0001)) | I11: =COUNTIFS(PLANIFICACION_MENSUAL!$E$2:$E$433,$A11,PLANIFICACION_MENSUAL!$J$2:$J$433,"<="&(I$1+0.0001),PLANIFICACION_MENSUAL!$K$2:$K$433,">"&(I$1+0.0001)) | J11: =COUNTIFS(PLANIFICACION_MENSUAL!$E$2:$E$433,$A11,PLANIFICACION_MENSUAL!$J$2:$J$433,"<="&(J$1+0.0001),PLANIFICACION_MENSUAL!$K$2:$K$433,">"&(J$1+0.0001)) | K11: =COUNTIFS(PLANIFICACION_MENSUAL!$E$2:$E$433,$A11,PLANIFICACION_MENSUAL!$J$2:$J$433,"<="&(K$1+0.0001),PLANIFICACION_MENSUAL!$K$2:$K$433,">"&(K$1+0.0001)) | ... O11: =COUNTIFS(PLANIFICACION_MENSUAL!$E$2:$E$433,$A11,PLANIFICACION_MENSUAL!$J$2:$J$433,"<="&(O$1+0.0001),PLANIFICACION_MENSUAL!$K$2:$K$433,">"&(O$1+0.0001)) | P11: =COUNTIFS(PLANIFICACION_MENSUAL!$E$2:$E$433,$A11,PLANIFICACION_MENSUAL!$I$2:$I$433,"TRABAJA")
A12: 46308 | B12: Martes | C12: HÁBIL | D12: =COUNTIFS(PLANIFICACION_MENSUAL!$E$2:$E$433,$A12,PLANIFICACION_MENSUAL!$J$2:$J$433,"<="&(D$1+0.0001),PLANIFICACION_MENSUAL!$K$2:$K$433,">"&(D$1+0.0001)) | E12: =COUNTIFS(PLANIFICACION_MENSUAL!$E$2:$E$433,$A12,PLANIFICACION_MENSUAL!$J$2:$J$433,"<="&(E$1+0.0001),PLANIFICACION_MENSUAL!$K$2:$K$433,">"&(E$1+0.0001)) | F12: =COUNTIFS(PLANIFICACION_MENSUAL!$E$2:$E$433,$A12,PLANIFICACION_MENSUAL!$J$2:$J$433,"<="&(F$1+0.0001),PLANIFICACION_MENSUAL!$K$2:$K$433,">"&(F$1+0.0001)) | G12: =COUNTIFS(PLANIFICACION_MENSUAL!$E$2:$E$433,$A12,PLANIFICACION_MENSUAL!$J$2:$J$433,"<="&(G$1+0.0001),PLANIFICACION_MENSUAL!$K$2:$K$433,">"&(G$1+0.0001)) | H12: =COUNTIFS(PLANIFICACION_MENSUAL!$E$2:$E$433,$A12,PLANIFICACION_MENSUAL!$J$2:$J$433,"<="&(H$1+0.0001),PLANIFICACION_MENSUAL!$K$2:$K$433,">"&(H$1+0.0001)) | I12: =COUNTIFS(PLANIFICACION_MENSUAL!$E$2:$E$433,$A12,PLANIFICACION_MENSUAL!$J$2:$J$433,"<="&(I$1+0.0001),PLANIFICACION_MENSUAL!$K$2:$K$433,">"&(I$1+0.0001)) | J12: =COUNTIFS(PLANIFICACION_MENSUAL!$E$2:$E$433,$A12,PLANIFICACION_MENSUAL!$J$2:$J$433,"<="&(J$1+0.0001),PLANIFICACION_MENSUAL!$K$2:$K$433,">"&(J$1+0.0001)) | K12: =COUNTIFS(PLANIFICACION_MENSUAL!$E$2:$E$433,$A12,PLANIFICACION_MENSUAL!$J$2:$J$433,"<="&(K$1+0.0001),PLANIFICACION_MENSUAL!$K$2:$K$433,">"&(K$1+0.0001)) | ... O12: =COUNTIFS(PLANIFICACION_MENSUAL!$E$2:$E$433,$A12,PLANIFICACION_MENSUAL!$J$2:$J$433,"<="&(O$1+0.0001),PLANIFICACION_MENSUAL!$K$2:$K$433,">"&(O$1+0.0001)) | P12: =COUNTIFS(PLANIFICACION_MENSUAL!$E$2:$E$433,$A12,PLANIFICACION_MENSUAL!$I$2:$I$433,"TRABAJA")
A13: 46309 | B13: Miércoles | C13: HÁBIL | D13: =COUNTIFS(PLANIFICACION_MENSUAL!$E$2:$E$433,$A13,PLANIFICACION_MENSUAL!$J$2:$J$433,"<="&(D$1+0.0001),PLANIFICACION_MENSUAL!$K$2:$K$433,">"&(D$1+0.0001)) | E13: =COUNTIFS(PLANIFICACION_MENSUAL!$E$2:$E$433,$A13,PLANIFICACION_MENSUAL!$J$2:$J$433,"<="&(E$1+0.0001),PLANIFICACION_MENSUAL!$K$2:$K$433,">"&(E$1+0.0001)) | F13: =COUNTIFS(PLANIFICACION_MENSUAL!$E$2:$E$433,$A13,PLANIFICACION_MENSUAL!$J$2:$J$433,"<="&(F$1+0.0001),PLANIFICACION_MENSUAL!$K$2:$K$433,">"&(F$1+0.0001)) | G13: =COUNTIFS(PLANIFICACION_MENSUAL!$E$2:$E$433,$A13,PLANIFICACION_MENSUAL!$J$2:$J$433,"<="&(G$1+0.0001),PLANIFICACION_MENSUAL!$K$2:$K$433,">"&(G$1+0.0001)) | H13: =COUNTIFS(PLANIFICACION_MENSUAL!$E$2:$E$433,$A13,PLANIFICACION_MENSUAL!$J$2:$J$433,"<="&(H$1+0.0001),PLANIFICACION_MENSUAL!$K$2:$K$433,">"&(H$1+0.0001)) | I13: =COUNTIFS(PLANIFICACION_MENSUAL!$E$2:$E$433,$A13,PLANIFICACION_MENSUAL!$J$2:$J$433,"<="&(I$1+0.0001),PLANIFICACION_MENSUAL!$K$2:$K$433,">"&(I$1+0.0001)) | J13: =COUNTIFS(PLANIFICACION_MENSUAL!$E$2:$E$433,$A13,PLANIFICACION_MENSUAL!$J$2:$J$433,"<="&(J$1+0.0001),PLANIFICACION_MENSUAL!$K$2:$K$433,">"&(J$1+0.0001)) | K13: =COUNTIFS(PLANIFICACION_MENSUAL!$E$2:$E$433,$A13,PLANIFICACION_MENSUAL!$J$2:$J$433,"<="&(K$1+0.0001),PLANIFICACION_MENSUAL!$K$2:$K$433,">"&(K$1+0.0001)) | ... O13: =COUNTIFS(PLANIFICACION_MENSUAL!$E$2:$E$433,$A13,PLANIFICACION_MENSUAL!$J$2:$J$433,"<="&(O$1+0.0001),PLANIFICACION_MENSUAL!$K$2:$K$433,">"&(O$1+0.0001)) | P13: =COUNTIFS(PLANIFICACION_MENSUAL!$E$2:$E$433,$A13,PLANIFICACION_MENSUAL!$I$2:$I$433,"TRABAJA")
... A28: 46326 | B28: Sábado | C28: FERIADO | D28: =COUNTIFS(PLANIFICACION_MENSUAL!$E$2:$E$433,$A28,PLANIFICACION_MENSUAL!$J$2:$J$433,"<="&(D$1+0.0001),PLANIFICACION_MENSUAL!$K$2:$K$433,">"&(D$1+0.0001)) | E28: =COUNTIFS(PLANIFICACION_MENSUAL!$E$2:$E$433,$A28,PLANIFICACION_MENSUAL!$J$2:$J$433,"<="&(E$1+0.0001),PLANIFICACION_MENSUAL!$K$2:$K$433,">"&(E$1+0.0001)) | F28: =COUNTIFS(PLANIFICACION_MENSUAL!$E$2:$E$433,$A28,PLANIFICACION_MENSUAL!$J$2:$J$433,"<="&(F$1+0.0001),PLANIFICACION_MENSUAL!$K$2:$K$433,">"&(F$1+0.0001)) | G28: =COUNTIFS(PLANIFICACION_MENSUAL!$E$2:$E$433,$A28,PLANIFICACION_MENSUAL!$J$2:$J$433,"<="&(G$1+0.0001),PLANIFICACION_MENSUAL!$K$2:$K$433,">"&(G$1+0.0001)) | H28: =COUNTIFS(PLANIFICACION_MENSUAL!$E$2:$E$433,$A28,PLANIFICACION_MENSUAL!$J$2:$J$433,"<="&(H$1+0.0001),PLANIFICACION_MENSUAL!$K$2:$K$433,">"&(H$1+0.0001)) | I28: =COUNTIFS(PLANIFICACION_MENSUAL!$E$2:$E$433,$A28,PLANIFICACION_MENSUAL!$J$2:$J$433,"<="&(I$1+0.0001),PLANIFICACION_MENSUAL!$K$2:$K$433,">"&(I$1+0.0001)) | J28: =COUNTIFS(PLANIFICACION_MENSUAL!$E$2:$E$433,$A28,PLANIFICACION_MENSUAL!$J$2:$J$433,"<="&(J$1+0.0001),PLANIFICACION_MENSUAL!$K$2:$K$433,">"&(J$1+0.0001)) | K28: =COUNTIFS(PLANIFICACION_MENSUAL!$E$2:$E$433,$A28,PLANIFICACION_MENSUAL!$J$2:$J$433,"<="&(K$1+0.0001),PLANIFICACION_MENSUAL!$K$2:$K$433,">"&(K$1+0.0001)) | ... O28: =COUNTIFS(PLANIFICACION_MENSUAL!$E$2:$E$433,$A28,PLANIFICACION_MENSUAL!$J$2:$J$433,"<="&(O$1+0.0001),PLANIFICACION_MENSUAL!$K$2:$K$433,">"&(O$1+0.0001)) | P28: =COUNTIFS(PLANIFICACION_MENSUAL!$E$2:$E$433,$A28,PLANIFICACION_MENSUAL!$I$2:$I$433,"TRABAJA")
A29: MÍNIMO | D29: =MIN(D2:D28) | E29: =MIN(E2:E28) | F29: =MIN(F2:F28) | G29: =MIN(G2:G28) | H29: =MIN(H2:H28) | I29: =MIN(I2:I28) | J29: =MIN(J2:J28) | K29: =MIN(K2:K28) | ... P29: =MIN(P2:P28)

Sheet ALERTAS
A1: TIPO | B1: FECHA | C1: RUT | D1: NOMBRE | E1: DETALLE
A2: Sin alertas | E2: La planificación cumple todas las reglas.
